File Name,0623GOLD_qPCR_8.6.26.pcrd,,,,,,,,,
Created By User,admin,,,,,,,,,
Notes,,,,,,,,,,
ID,,,,,,,,,,
Run Started,08/06/2026 15:22:25 UTC,,,,,,,,,
Run Ended,08/06/2026 16:24:58 UTC,,,,,,,,,
Sample Vol,20,,,,,,,,,
Lid Temp,105,,,,,,,,,
Protocol File Name,Triplex_Template_Setup.prcl,,,,,,,,,
Plate Setup File Name,Template_30_samples_duplex.pltd,,,,,,,,,
Base Serial Number,795BR20267,,,,,,,,,
Optical Head Serial Number,795BR20267,,,,,,,,,
CFX Maestro Version,5.3.022.1030. ,,,,,,,,,
,,,,,,,,,,
Well group,All Wells,,,,,,,,,
Amplification step,3,,,,,,,,,
Melt step,,,,,,,,,,
,,,,,,,,,,
,,,,,,,,,,
Well,Fluor,Target,Content,Replicate,Sample,Cq,Starting Quantity (SQ),Cq Mean,Cq Std. Dev,Melt Temperature
A01,FAM,,Std-01,1,,14.36902835,100000000,14.43350382,0.067745188,
A02,FAM,,Std-01,1,,14.42738017,100000000,14.43350382,0.067745188,
A03,FAM,,Std-01,1,,14.50410294,100000000,14.43350382,0.067745188,
A04,FAM,,0623GOLD_01,1,,NaN,NaN,0,0,
A05,FAM,,0623GOLD_01,1,,NaN,NaN,0,0,
A06,FAM,,0623GOLD_09,9,,NaN,NaN,0,0,
A07,FAM,,0623GOLD_09,9,,NaN,NaN,0,0,
A08,FAM,,0623GOLD_17,17,,NaN,NaN,0,0,
A09,FAM,,0623GOLD_17,17,,NaN,NaN,0,0,
A10,FAM,,0623GOLD_25,25,,NaN,NaN,0,0,
A11,FAM,,0623GOLD_25,25,,NaN,NaN,0,0,
A12,FAM,,NTC-01,1,,NaN,NaN,0,0,
B01,FAM,,Std-02,2,,18.33206782,10000000,18.36304152,0.027801226,
B02,FAM,,Std-02,2,,18.37122215,10000000,18.36304152,0.027801226,
B03,FAM,,Std-02,2,,18.38583458,10000000,18.36304152,0.027801226,
B04,FAM,,0623GOLD_02,2,,NaN,NaN,0,0,
B05,FAM,,0623GOLD_02,2,,NaN,NaN,0,0,
B06,FAM,,0623GOLD_10,10,,NaN,NaN,0,0,
B07,FAM,,0623GOLD_10,10,,NaN,NaN,0,0,
B08,FAM,,0623GOLD_18,18,,NaN,NaN,0,0,
B09,FAM,,0623GOLD_18,18,,NaN,NaN,0,0,
B10,FAM,,0623GOLD_26,26,,NaN,NaN,0,0,
B11,FAM,,0623GOLD_26,26,,NaN,NaN,0,0,
B12,FAM,,NTC-01,1,,NaN,NaN,0,0,
C01,FAM,,Std-03,3,,22.2611092,1000000,22.31035155,0.055991504,
C02,FAM,,Std-03,3,,22.37125553,1000000,22.31035155,0.055991504,
C03,FAM,,Std-03,3,,22.2986899,1000000,22.31035155,0.055991504,
C04,FAM,,0623GOLD_03,3,,NaN,NaN,0,0,
C05,FAM,,0623GOLD_03,3,,NaN,NaN,0,0,
C06,FAM,,0623GOLD_11,11,,NaN,NaN,0,0,
C07,FAM,,0623GOLD_11,11,,NaN,NaN,0,0,
C08,FAM,,0623GOLD_19,19,,NaN,NaN,0,0,
C09,FAM,,0623GOLD_19,19,,NaN,NaN,0,0,
C10,FAM,,0623GOLD_27,27,,NaN,NaN,0,0,
C11,FAM,,0623GOLD_27,27,,NaN,NaN,0,0,
C12,FAM,,NTC-01,1,,NaN,NaN,0,0,
D01,FAM,,Std-04,4,,25.15012571,100000,25.21022801,0.053445549,
D02,FAM,,Std-04,4,,25.22814605,100000,25.21022801,0.053445549,
D03,FAM,,Std-04,4,,25.25241226,100000,25.21022801,0.053445549,
D04,FAM,,0623GOLD_04,4,,NaN,NaN,0,0,
D05,FAM,,0623GOLD_04,4,,NaN,NaN,0,0,
D06,FAM,,0623GOLD_12,12,,NaN,NaN,0,0,
D07,FAM,,0623GOLD_12,12,,NaN,NaN,0,0,
D08,FAM,,0623GOLD_20,20,,NaN,NaN,0,0,
D09,FAM,,0623GOLD_20,20,,NaN,NaN,0,0,
D10,FAM,,0623GOLD_28,28,,NaN,NaN,0,0,
D11,FAM,,0623GOLD_28,28,,NaN,NaN,0,0,
E01,FAM,,Std-05,5,,29.54235507,10000,29.61513924,0.130983647,
E02,FAM,,Std-05,5,,29.53671162,10000,29.61513924,0.130983647,
E03,FAM,,Std-05,5,,29.76635103,10000,29.61513924,0.130983647,
E04,FAM,,0623GOLD_05,5,,NaN,NaN,0,0,
E05,FAM,,0623GOLD_05,5,,NaN,NaN,0,0,
E06,FAM,,0623GOLD_13,13,,NaN,NaN,0,0,
E07,FAM,,0623GOLD_13,13,,NaN,NaN,0,0,
E08,FAM,,0623GOLD_21,21,,NaN,NaN,0,0,
E09,FAM,,0623GOLD_21,21,,NaN,NaN,0,0,
E10,FAM,,0623GOLD_29,29,,NaN,NaN,0,0,
E11,FAM,,0623GOLD_29,29,,NaN,NaN,0,0,
F01,FAM,,Std-06,6,,33.1577297,1000,33.28240159,0.128792869,
F02,FAM,,Std-06,6,,33.41495358,1000,33.28240159,0.128792869,
F03,FAM,,Std-06,6,,33.2745215,1000,33.28240159,0.128792869,
F04,FAM,,0623GOLD_06,6,,NaN,NaN,0,0,
F05,FAM,,0623GOLD_06,6,,NaN,NaN,0,0,
F06,FAM,,0623GOLD_14,14,,NaN,NaN,0,0,
F07,FAM,,0623GOLD_14,14,,NaN,NaN,0,0,
F08,FAM,,0623GOLD_22,22,,NaN,NaN,0,0,
F09,FAM,,0623GOLD_22,22,,NaN,NaN,0,0,
F10,FAM,,0623GOLD_30,30,,NaN,NaN,0,0,
F11,FAM,,0623GOLD_30,30,,NaN,NaN,0,0,
G01,FAM,,Std-07,7,,36.37370764,100,36.53604049,0.221850617,
G02,FAM,,Std-07,7,,36.44558603,100,36.53604049,0.221850617,
G03,FAM,,Std-07,7,,36.78882781,100,36.53604049,0.221850617,
G04,FAM,,0623GOLD_07,7,,NaN,NaN,0,0,
G05,FAM,,0623GOLD_07,7,,NaN,NaN,0,0,
G06,FAM,,0623GOLD_15,15,,NaN,NaN,0,0,
G07,FAM,,0623GOLD_15,15,,NaN,NaN,0,0,
G08,FAM,,0623GOLD_23,23,,NaN,NaN,0,0,
G09,FAM,,0623GOLD_23,23,,NaN,NaN,0,0,
H01,FAM,,Std-08,8,,39.52282861,10,39.40241092,0.170296332,
H02,FAM,,Std-08,8,,NaN,10,0,0,
H03,FAM,,Std-08,8,,39.28199323,10,39.40241092,0.170296332,
H04,FAM,,0623GOLD_08,8,,NaN,NaN,0,0,
H05,FAM,,0623GOLD_08,8,,NaN,NaN,0,0,
H06,FAM,,0623GOLD_16,16,,NaN,NaN,0,0,
H07,FAM,,0623GOLD_16,16,,NaN,NaN,0,0,
H08,FAM,,0623GOLD_24,24,,NaN,NaN,0,0,
H09,FAM,,0623GOLD_24,24,,NaN,NaN,0,0,
,,,,,,,,,,
,,,,,,,,,,
,,,,,,,,,,
,,,,,,,,,,
,,,,,,,,,,
,,,,,,,,,,
,,,,,,,,,,
,,,,,,,,,,
,,,,,,,,,,
,,,,,,,,,,
,,,,,,,,,,
,,,,,,,,,,
,,,,,,,,,,
,,,,,,,,,,
,,,,,,,,,,
,,,,,,,,,,
,,,,,,,,,,
,,,,,,,,,,
,,,,,,,,,,
,,,,,,,,,,
,,,,,,,,,,
,,,,,,,,,,
,,,,,,,,,,
,,,,,,,,,,
,,,,,,,,,,
,,,,,,,,,,
,,,,,,,,,,
,,,,,,,,,,
,,,,,,,,,,
,,,,,,,,,,
,,,,,,,,,,
,,,,,,,,,,
,,,,,,,,,,
,,,,,,,,,,
,,,,,,,,,,
,,,,,,,,,,
,,,,,,,,,,
,,,,,,,,,,
,,,,,,,,,,
,,,,,,,,,,
,,,,,,,,,,
,,,,,,,,,,
,,,,,,,,,,
,,,,,,,,,,
,,,,,,,,,,
,,,,,,,,,,
,,,,,,,,,,
,,,,,,,,,,
,,,,,,,,,,
,,,,,,,,,,
,,,,,,,,,,
,,,,,,,,,,
,,,,,,,,,,
,,,,,,,,,,
,,,,,,,,,,
,,,,,,,,,,
,,,,,,,,,,
,,,,,,,,,,
,,,,,,,,,,
,,,,,,,,,,
,,,,,,,,,,
,,,,,,,,,,
,,,,,,,,,,
,,,,,,,,,,
,,,,,,,,,,
,,,,,,,,,,
,,,,,,,,,,
,,,,,,,,,,
,,,,,,,,,,
,,,,,,,,,,
,,,,,,,,,,
,,,,,,,,,,
,,,,,,,,,,
,,,,,,,,,,
,,,,,,,,,,
,,,,,,,,,,
,,,,,,,,,,
,,,,,,,,,,
,,,,,,,,,,
,,,,,,,,,,
,,,,,,,,,,
,,,,,,,,,,
,,,,,,,,,,
,,,,,,,,,,
,,,,,,,,,,
,,,,,,,,,,
,,,,,,,,,,
