"type","durationMinutes","startTime","endTime","startNum","endNum","eventpH"
"Extremely Severe",119.999999998254,"2024-06-23 07:00:00","2024-06-23 09:00:00",54.51313,54.51336,6.883734
"Extremely Severe",209.999999996944,"2024-06-27 08:30:00","2024-06-27 12:00:00",54.52426,54.52466,6.84708045
"Extremely Severe",119.999999998254,"2024-09-27 13:22:00","2024-09-27 15:22:00",54.77687,54.7771,6.8410124
"Severe",180.000000001115,"2024-06-22 05:30:00","2024-06-22 08:30:00",54.51022,54.51056,6.96373082857143
"Severe",240.000000000242,"2024-06-23 05:00:00","2024-06-23 09:00:00",54.5129,54.51336,6.90817675555556
"Severe",180.000000001115,"2024-06-24 06:00:00","2024-06-24 09:00:00",54.51575,54.5161,6.9550996
"Severe",269.999999999806,"2024-06-27 07:30:00","2024-06-27 12:00:00",54.52414,54.52466,6.86600913
"Severe",180.000000001115,"2024-06-27 21:30:00","2024-06-28 00:30:00",54.52574,54.52608,6.93986984285714
"Severe",89.9999999986903,"2024-06-29 00:30:00","2024-06-29 02:00:00",54.52882,54.529,6.99324735
"Severe",240.000000003977,"2024-07-01","2024-07-01 04:00:00",54.53425,54.5347,6.92428865555556
"Severe",149.999999997817,"2024-07-06 05:30:00","2024-07-06 08:00:00",54.54857,54.54886,6.92939646666667
"Severe",149.999999994083,"2024-07-06 17:30:00","2024-07-06 20:00:00",54.54994,54.55023,6.97250813333333
"Severe",179.999999997381,"2024-07-07 05:30:00","2024-07-07 08:30:00",54.55131,54.55166,6.94100071428571
"Severe",59.9999999953923,"2024-09-27 02:22:00","2024-09-27 03:22:00",54.77561,54.77573,6.96510443333333
"Severe",149.999999997817,"2024-09-27 12:52:00","2024-09-27 15:22:00",54.77681,54.7771,6.85661716666667
"Severe",150.000000001552,"2024-09-28 01:52:00","2024-09-28 04:22:00",54.7783,54.77858,6.91966923333333
"Moderately Severe",120.000000001988,"2024-06-10 08:00:00","2024-06-10 10:00:00",54.47763,54.47785,7.0564071
"Moderately Severe",59.9999999991269,"2024-06-11 08:30:00","2024-06-11 09:30:00",54.48042,54.48054,7.07806126666667
"Moderately Severe",59.9999999991269,"2024-06-12 09:00:00","2024-06-12 10:00:00",54.48322,54.48333,7.0854465
"Moderately Severe",119.999999998254,"2024-06-13 10:30:00","2024-06-13 12:30:00",54.48613,54.48636,7.0909867
"Moderately Severe",180.000000001115,"2024-06-14 10:30:00","2024-06-14 13:30:00",54.48887,54.48921,7.07412772857143
"Moderately Severe",59.9999999953923,"2024-06-15 01:00:00","2024-06-15 02:00:00",54.49053,54.49064,7.03719523333333
"Moderately Severe",269.999999999806,"2024-06-22 04:00:00","2024-06-22 08:30:00",54.51005,54.51056,6.98603992
"Moderately Severe",269.999999999806,"2024-06-23 04:30:00","2024-06-23 09:00:00",54.51284,54.51336,6.91955725
"Moderately Severe",60.0000000028615,"2024-06-23 19:30:00","2024-06-23 20:30:00",54.51455,54.51467,7.06456186666667
"Moderately Severe",269.999999999806,"2024-06-24 05:00:00","2024-06-24 09:30:00",54.51564,54.51615,6.97584012
"Moderately Severe",89.9999999986903,"2024-06-25 07:00:00","2024-06-25 08:30:00",54.51861,54.51878,7.075643825
"Moderately Severe",150.000000005286,"2024-06-26 08:00:00","2024-06-26 10:30:00",54.52146,54.52175,7.051206
"Moderately Severe",269.999999999806,"2024-06-27 07:30:00","2024-06-27 12:00:00",54.52414,54.52466,6.86600913
"Moderately Severe",239.999999996508,"2024-06-27 20:30:00","2024-06-28 00:30:00",54.52563,54.52608,6.9635356
"Moderately Severe",210.000000000679,"2024-06-28 09:00:00","2024-06-28 12:30:00",54.52705,54.52745,7.020255675
"Moderately Severe",209.999999996944,"2024-06-28 22:30:00","2024-06-29 02:00:00",54.5286,54.529,7.0160103625
"Moderately Severe",180.000000001115,"2024-06-29 10:30:00","2024-06-29 13:30:00",54.52997,54.53031,7.05362907142857
"Moderately Severe",180.000000001115,"2024-06-29 23:30:00","2024-06-30 02:30:00",54.53145,54.53179,7.01987074285714
"Moderately Severe",179.999999997381,"2024-06-30 11:30:00","2024-06-30 14:30:00",54.53282,54.53316,7.05496831428571
"Moderately Severe",300.000000006838,"2024-06-30 23:00:00","2024-07-01 04:00:00",54.53413,54.5347,6.94423003636364
"Moderately Severe",149.999999994083,"2024-07-02 02:30:00","2024-07-02 05:00:00",54.53727,54.53756,7.03922133333333
"Moderately Severe",60.0000000028615,"2024-07-03 05:00:00","2024-07-03 06:00:00",54.5403,54.54041,7.0760272
"Moderately Severe",89.9999999986903,"2024-07-05 06:00:00","2024-07-05 07:30:00",54.54589,54.54606,7.061324925
"Moderately Severe",210.000000000679,"2024-07-06 04:30:00","2024-07-06 08:00:00",54.54846,54.54886,6.959631175
"Moderately Severe",239.999999996508,"2024-07-06 16:00:00","2024-07-06 20:00:00",54.54977,54.55023,6.9933696
"Moderately Severe",269.999999999806,"2024-07-07 04:30:00","2024-07-07 09:00:00",54.5512,54.55171,6.96837947
"Moderately Severe",150.000000001552,"2024-07-07 18:30:00","2024-07-07 21:00:00",54.5528,54.55308,7.04493948333333
"Moderately Severe",209.999999996944,"2024-07-08 06:00:00","2024-07-08 09:30:00",54.55411,54.55451,7.01930195
"Moderately Severe",150.000000001552,"2024-07-09 07:30:00","2024-07-09 10:00:00",54.55702,54.55731,7.05214193333333
"Moderately Severe",239.999999996508,"2024-07-13 22:00:00","2024-07-14 02:00:00",54.56963,54.57009,7.01478147777778
"Moderately Severe",120.000000005723,"2024-07-14 11:00:00","2024-07-14 13:00:00",54.57112,54.57135,7.05886106
"Moderately Severe",180.000000001115,"2024-07-14 23:30:00","2024-07-15 02:30:00",54.57255,54.57289,7.01678777142857
"Moderately Severe",150.000000001552,"2024-07-16 00:30:00","2024-07-16 03:00:00",54.5754,54.57568,7.04003945
"Moderately Severe",150.000000001552,"2024-07-17 02:00:00","2024-07-17 04:30:00",54.57831,54.5786,7.05947458333333
"Moderately Severe",59.9999999953923,"2024-07-18 04:00:00","2024-07-18 05:00:00",54.58128,54.58139,7.06665883333333
"Moderately Severe",59.9999999991269,"2024-07-25 09:52:00","2024-07-25 10:52:00",54.60113,54.60124,7.00980946666667
"Moderately Severe",90.0000000024249,"2024-07-29 12:22:00","2024-07-29 13:52:00",54.61237,54.61254,7.087042125
"Moderately Severe",149.999999997817,"2024-07-30 00:52:00","2024-07-30 03:22:00",54.6138,54.61408,7.06498261666667
"Moderately Severe",89.9999999986903,"2024-07-31 02:52:00","2024-07-31 04:22:00",54.61677,54.61694,7.07565755
"Moderately Severe",89.9999999986903,"2024-08-01 03:52:00","2024-08-01 05:22:00",54.61962,54.61979,7.071956275
"Moderately Severe",89.9999999986903,"2024-08-04 06:22:00","2024-08-04 07:52:00",54.62812,54.6283,7.080791275
"Moderately Severe",209.999999996944,"2024-08-05 05:22:00","2024-08-05 08:52:00",54.63075,54.63115,7.047147675
"Moderately Severe",60.0000000028615,"2024-08-19 05:52:00","2024-08-19 06:52:00",54.66916,54.66928,7.0547631
"Moderately Severe",119.999999998254,"2024-08-19 17:22:00","2024-08-19 19:22:00",54.67048,54.6707,7.05062878
"Moderately Severe",149.999999997817,"2024-08-20 05:22:00","2024-08-20 07:52:00",54.67185,54.67213,7.03477803333333
"Moderately Severe",119.999999998254,"2024-08-27 11:52:00","2024-08-27 13:52:00",54.69177,54.69199,7.06231576
"Moderately Severe",119.999999998254,"2024-08-28 01:22:00","2024-08-28 03:22:00",54.69331,54.69354,7.080435
"Moderately Severe",60.0000000028615,"2024-08-29 03:22:00","2024-08-29 04:22:00",54.69627,54.69639,7.08316296666667
"Moderately Severe",149.999999997817,"2024-09-27 00:52:00","2024-09-27 03:22:00",54.77544,54.77573,6.99869926666667
"Moderately Severe",180.000000001115,"2024-09-27 12:22:00","2024-09-27 15:22:00",54.77675,54.7771,6.87832971428571
"Moderately Severe",180.000000001115,"2024-09-28 01:22:00","2024-09-28 04:22:00",54.77824,54.77858,6.93471984285714
"Moderately Severe",89.9999999986903,"2024-09-28 14:22:00","2024-09-28 15:52:00",54.77972,54.77989,7.0389248
"Moderately Severe",119.999999998254,"2024-09-29 02:52:00","2024-09-29 04:52:00",54.78115,54.78138,7.0403944
"Moderately Severe",120.000000001988,"2024-09-29 15:22:00","2024-09-29 17:22:00",54.78258,54.7828,7.0613569
"Moderately Severe",89.9999999986903,"2024-09-30 03:52:00","2024-09-30 05:22:00",54.784,54.78417,7.057519375
"Moderately Severe",119.999999998254,"2024-10-07 20:22:00","2024-10-07 22:22:00",54.80506,54.80529,7.0247302
"Moderate",240.000000003977,"2024-06-10 06:30:00","2024-06-10 10:30:00",54.47745,54.47791,7.08671351111111
"Moderate",240.000000000242,"2024-06-11 07:30:00","2024-06-11 11:30:00",54.48031,54.48076,7.1248304
"Moderate",209.999999996944,"2024-06-12 08:30:00","2024-06-12 12:00:00",54.48316,54.48356,7.10998664285714
"Moderate",240.000000003977,"2024-06-13 09:00:00","2024-06-13 13:00:00",54.48596,54.48642,7.10729421111111
"Moderate",209.999999996944,"2024-06-14 10:00:00","2024-06-14 13:30:00",54.48881,54.48921,7.0815912625
"Moderate",119.999999998254,"2024-06-15","2024-06-15 02:00:00",54.49041,54.49064,7.067704
"Moderate",90.0000000024249,"2024-06-15 11:00:00","2024-06-15 12:30:00",54.49167,54.49184,7.15001245
"Moderate",59.9999999953923,"2024-06-16 02:30:00","2024-06-16 03:30:00",54.49344,54.49355,7.13359013333333
"Moderate",119.999999998254,"2024-06-17 02:30:00","2024-06-17 04:30:00",54.49618,54.4964,7.14135354
"Moderate",89.9999999986903,"2024-06-18 04:00:00","2024-06-18 05:30:00",54.49909,54.49926,7.12199995
"Moderate",149.999999997817,"2024-06-19 04:00:00","2024-06-19 06:30:00",54.50183,54.50211,7.12548496666667
"Moderate",90.0000000024249,"2024-06-20 05:30:00","2024-06-20 07:00:00",54.50474,54.50491,7.151063575
"Moderate",179.999999997381,"2024-06-21 05:00:00","2024-06-21 08:00:00",54.50742,54.50776,7.13953084285714
"Moderate",300.000000003104,"2024-06-22 03:30:00","2024-06-22 08:30:00",54.50999,54.51056,7.00171856363636
"Moderate",149.999999997817,"2024-06-22 17:30:00","2024-06-22 20:00:00",54.51159,54.51187,7.13271215
"Moderate",299.999999995634,"2024-06-23 04:00:00","2024-06-23 09:00:00",54.51279,54.51336,6.93746355454546
"Moderate",180.000000001115,"2024-06-23 17:30:00","2024-06-23 20:30:00",54.51433,54.51467,7.0927276
"Moderate",299.999999999369,"2024-06-24 04:30:00","2024-06-24 09:30:00",54.51558,54.51615,6.99385996363636
"Moderate",269.999999999806,"2024-06-25 06:00:00","2024-06-25 10:30:00",54.51849,54.51901,7.11788908
"Moderate",150.000000001552,"2024-06-25 20:00:00","2024-06-25 22:30:00",54.52009,54.52038,7.17476166666667
"Moderate",239.999999996508,"2024-06-26 07:00:00","2024-06-26 11:00:00",54.52135,54.5218,7.07329573333333
"Moderate",180.000000001115,"2024-06-26 20:30:00","2024-06-26 23:30:00",54.52289,54.52323,7.1169961
"Moderate",329.999999995198,"2024-06-27 07:00:00","2024-06-27 12:30:00",54.52409,54.52471,6.90779921666667
"Moderate",239.999999996508,"2024-06-27 20:30:00","2024-06-28 00:30:00",54.52563,54.52608,6.9635356
"Moderate",269.999999999806,"2024-06-28 08:30:00","2024-06-28 13:00:00",54.527,54.52751,7.04109128
"Moderate",239.999999996508,"2024-06-28 22:00:00","2024-06-29 02:00:00",54.52854,54.529,7.02862947777778
"Moderate",240.000000000242,"2024-06-29 09:30:00","2024-06-29 13:30:00",54.52985,54.53031,7.07249857777778
"Moderate",240.000000003977,"2024-06-29 22:30:00","2024-06-30 02:30:00",54.53134,54.53179,7.04622716666667
"Moderate",240.000000000242,"2024-06-30 10:30:00","2024-06-30 14:30:00",54.53271,54.53316,7.0709315
"Moderate",330.000000002667,"2024-06-30 22:30:00","2024-07-01 04:00:00",54.53408,54.5347,6.96449986666667
"Moderate",239.999999996508,"2024-07-02 01:00:00","2024-07-02 05:00:00",54.5371,54.53756,7.07061354444444
"Moderate",210.000000000679,"2024-07-03 02:30:00","2024-07-03 06:00:00",54.54001,54.54041,7.1169
"Moderate",180.000000001115,"2024-07-04 03:30:00","2024-07-04 06:30:00",54.54287,54.54321,7.1258017
"Moderate",209.999999996944,"2024-07-05 04:00:00","2024-07-05 07:30:00",54.54566,54.54606,7.10123815
"Moderate",239.999999996508,"2024-07-06 04:00:00","2024-07-06 08:00:00",54.5484,54.54886,6.98117433333333
"Moderate",269.999999999806,"2024-07-06 15:30:00","2024-07-06 20:00:00",54.54971,54.55023,7.01280739
"Moderate",299.999999999369,"2024-07-07 04:00:00","2024-07-07 09:00:00",54.55114,54.55171,6.98739175454545
"Moderate",210.000000000679,"2024-07-07 17:30:00","2024-07-07 21:00:00",54.55268,54.55308,7.070186825
"Moderate",239.999999996508,"2024-07-08 05:30:00","2024-07-08 09:30:00",54.55405,54.55451,7.03003512222222
"Moderate",89.9999999986903,"2024-07-08 20:00:00","2024-07-08 21:30:00",54.55571,54.55588,7.1294863
"Moderate",269.999999999806,"2024-07-09 06:00:00","2024-07-09 10:30:00",54.55685,54.55736,7.08679641
"Moderate",119.999999998254,"2024-07-09 20:30:00","2024-07-09 22:30:00",54.5585,54.55873,7.1564277
"Moderate",210.000000000679,"2024-07-10 07:30:00","2024-07-10 11:00:00",54.55976,54.56016,7.1129116625
"Moderate",59.9999999991269,"2024-07-10 22:00:00","2024-07-10 23:00:00",54.56142,54.56153,7.18647823333333
"Moderate",149.999999994083,"2024-07-11 08:30:00","2024-07-11 11:00:00",54.56261,54.5629,7.13320355
"Moderate",60.0000000028615,"2024-07-11 23:00:00","2024-07-12",54.56427,54.56438,7.177581
"Moderate",210.000000000679,"2024-07-12 08:30:00","2024-07-12 12:00:00",54.56535,54.56575,7.1505434
"Moderate",120.000000001988,"2024-07-12 23:00:00","2024-07-13 01:00:00",54.56701,54.56724,7.13202568
"Moderate",180.000000001115,"2024-07-13 10:00:00","2024-07-13 13:00:00",54.56826,54.56861,7.13998308571429
"Moderate",269.999999999806,"2024-07-13 21:30:00","2024-07-14 02:00:00",54.56958,54.57009,7.02517393
"Moderate",209.999999996944,"2024-07-14 10:00:00","2024-07-14 13:30:00",54.571,54.5714,7.0829834875
"Moderate",210.000000004413,"2024-07-14 23:00:00","2024-07-15 02:30:00",54.57249,54.57289,7.0279456125
"Moderate",149.999999994083,"2024-07-15 11:30:00","2024-07-15 14:00:00",54.57392,54.5742,7.13486938333333
"Moderate",180.000000001115,"2024-07-16","2024-07-16 03:00:00",54.57534,54.57568,7.05283321428571
"Moderate",89.9999999986903,"2024-07-16 13:00:00","2024-07-16 14:30:00",54.57683,54.577,7.165451075
"Moderate",209.999999996944,"2024-07-17 01:00:00","2024-07-17 04:30:00",54.5782,54.5786,7.075051
"Moderate",89.9999999986903,"2024-07-17 14:00:00","2024-07-17 15:30:00",54.57968,54.57985,7.180400425
"Moderate",209.999999996944,"2024-07-18 01:30:00","2024-07-18 05:00:00",54.58099,54.58139,7.1055262875
"Moderate",119.999999998254,"2024-07-18 14:30:00","2024-07-18 16:30:00",54.58248,54.58271,7.1817335
"Moderate",209.999999996944,"2024-07-19 03:00:00","2024-07-19 06:30:00",54.5839,54.5843,7.1389146375
"Moderate",90.0000000024249,"2024-07-20 05:30:00","2024-07-20 07:00:00",54.58693,54.5871,7.159239925
"Moderate",149.999999997817,"2024-07-21 05:30:00","2024-07-21 08:00:00",54.58967,54.58995,7.14202115
"Moderate",89.9999999986903,"2024-07-22 07:00:00","2024-07-22 08:30:00",54.59258,54.59275,7.17910415
"Moderate",119.999999998254,"2024-07-23 07:00:00","2024-07-23 09:00:00",54.59532,54.59555,7.15534112
"Moderate",59.9999999991269,"2024-07-25 09:52:00","2024-07-25 10:52:00",54.60113,54.60124,7.00980946666667
"Moderate",179.999999997381,"2024-07-25 20:22:00","2024-07-25 23:22:00",54.60232,54.60267,7.11355357142857
"Moderate",240.000000003977,"2024-07-26 07:52:00","2024-07-26 11:52:00",54.60364,54.60409,7.15457483333333
"Moderate",179.999999997381,"2024-07-26 21:22:00","2024-07-27 00:22:00",54.60518,54.60552,7.12604222857143
"Moderate",119.999999998254,"2024-07-27 10:22:00","2024-07-27 12:22:00",54.60666,54.60689,7.15141866
"Moderate",180.000000001115,"2024-07-27 22:22:00","2024-07-28 01:22:00",54.60803,54.60838,7.12338884285714
"Moderate",150.000000001552,"2024-07-28 10:52:00","2024-07-28 13:22:00",54.60946,54.60975,7.16911391666667
"Moderate",89.9999999986903,"2024-07-29 00:52:00","2024-07-29 02:22:00",54.61106,54.61123,7.167736125
"Moderate",240.000000003977,"2024-07-29 10:22:00","2024-07-29 14:22:00",54.61214,54.6126,7.11035518888889
"Moderate",239.999999996508,"2024-07-29 23:22:00","2024-07-30 03:22:00",54.61363,54.61408,7.08846647777778
"Moderate",180.000000001115,"2024-07-30 12:22:00","2024-07-30 15:22:00",54.61511,54.61545,7.13772152857143
"Moderate",209.999999996944,"2024-07-31 00:52:00","2024-07-31 04:22:00",54.61654,54.61694,7.1002502125
"Moderate",150.000000001552,"2024-07-31 13:22:00","2024-07-31 15:52:00",54.61796,54.61825,7.1627552
"Moderate",240.000000000242,"2024-08-01 01:52:00","2024-08-01 05:52:00",54.61939,54.61985,7.10067647777778
"Moderate",59.9999999991269,"2024-08-01 16:22:00","2024-08-01 17:22:00",54.62105,54.62116,7.14609446666667
"Moderate",179.999999997381,"2024-08-02 03:22:00","2024-08-02 06:22:00",54.6223,54.62264,7.12587447142857
"Moderate",89.9999999986903,"2024-08-02 16:52:00","2024-08-02 18:22:00",54.62384,54.62401,7.13157705
"Moderate",210.000000000679,"2024-08-03 03:52:00","2024-08-03 07:22:00",54.6251,54.6255,7.1226356375
"Moderate",90.0000000024249,"2024-08-03 17:22:00","2024-08-03 18:52:00",54.62664,54.62681,7.1492028
"Moderate",209.999999996944,"2024-08-04 04:22:00","2024-08-04 07:52:00",54.6279,54.6283,7.1016395375
"Moderate",269.999999999806,"2024-08-05 04:22:00","2024-08-05 08:52:00",54.63064,54.63115,7.06612424
"Moderate",150.000000001552,"2024-08-05 17:52:00","2024-08-05 20:22:00",54.63218,54.63246,7.13555548333333
"Moderate",179.999999997381,"2024-08-06 06:22:00","2024-08-06 09:22:00",54.6336,54.63395,7.12592445714286
"Moderate",180.000000001115,"2024-08-07 06:22:00","2024-08-07 09:22:00",54.63634,54.63669,7.11208647142857
"Moderate",120.000000001988,"2024-08-07 19:52:00","2024-08-07 21:52:00",54.63788,54.63811,7.14743976
"Moderate",120.000000005723,"2024-08-08 07:52:00","2024-08-08 09:52:00",54.63925,54.63948,7.14700268
"Moderate",119.999999998254,"2024-08-09 08:22:00","2024-08-09 10:22:00",54.64205,54.64228,7.16549176
"Moderate",90.0000000024249,"2024-08-11 10:22:00","2024-08-11 11:52:00",54.64776,54.64793,7.182740175
"Moderate",150.000000001552,"2024-08-19 04:52:00","2024-08-19 07:22:00",54.66905,54.66933,7.0927082
"Moderate",179.999999997381,"2024-08-19 16:22:00","2024-08-19 19:22:00",54.67036,54.6707,7.07388788571429
"Moderate",180.000000001115,"2024-08-20 04:52:00","2024-08-20 07:52:00",54.67179,54.67213,7.04796292857143
"Moderate",150.000000005286,"2024-08-20 17:52:00","2024-08-20 20:22:00",54.67327,54.67356,7.0976773
"Moderate",150.000000001552,"2024-08-21 06:22:00","2024-08-21 08:52:00",54.6747,54.67498,7.10555411666667
"Moderate",59.9999999953923,"2024-08-21 20:22:00","2024-08-21 21:22:00",54.6763,54.67641,7.1484339
"Moderate",119.999999998254,"2024-08-27 11:52:00","2024-08-27 13:52:00",54.69177,54.69199,7.06231576
"Moderate",210.000000000679,"2024-08-27 23:52:00","2024-08-28 03:22:00",54.69314,54.69354,7.1007341125
"Moderate",180.000000001115,"2024-08-28 11:52:00","2024-08-28 14:52:00",54.69451,54.69485,7.12706661428571
"Moderate",180.000000001115,"2024-08-29 01:22:00","2024-08-29 04:22:00",54.69605,54.69639,7.10782398571429
"Moderate",89.9999999986903,"2024-08-29 13:52:00","2024-08-29 15:22:00",54.69747,54.69764,7.166317475
"Moderate",59.9999999953923,"2024-08-30 03:52:00","2024-08-30 04:52:00",54.69907,54.69919,7.16492153333333
"Moderate",59.9999999991269,"2024-09-01 05:22:00","2024-09-01 06:22:00",54.70472,54.70484,7.16548586666667
"Moderate",89.9999999986903,"2024-09-01 16:52:00","2024-09-01 18:22:00",54.70604,54.70621,7.13374665
"Moderate",209.999999996944,"2024-09-02 03:52:00","2024-09-02 07:22:00",54.70729,54.70769,7.1262409625
"Moderate",89.9999999986903,"2024-09-03 06:22:00","2024-09-03 07:52:00",54.71032,54.71049,7.168162425
"Moderate",59.9999999991269,"2024-09-17 05:52:00","2024-09-17 06:52:00",54.74861,54.74873,7.17870633333333
"Moderate",60.0000000028615,"2024-09-18 06:22:00","2024-09-18 07:22:00",54.75141,54.75153,7.16843433333333
"Moderate",90.0000000024249,"2024-09-25 11:22:00","2024-09-25 12:52:00",54.77116,54.77133,7.1194595
"Moderate",89.9999999986903,"2024-09-26 00:22:00","2024-09-26 01:52:00",54.77264,54.77282,7.11874505
"Moderate",90.0000000024249,"2024-09-26 12:22:00","2024-09-26 13:52:00",54.77401,54.77419,7.0857149
"Moderate",209.999999996944,"2024-09-26 23:52:00","2024-09-27 03:22:00",54.77533,54.77573,7.0295200125
"Moderate",210.000000000679,"2024-09-27 11:52:00","2024-09-27 15:22:00",54.7767,54.7771,6.906885175
"Moderate",209.999999996944,"2024-09-28 00:52:00","2024-09-28 04:22:00",54.77818,54.77858,6.9555184875
"Moderate",150.000000001552,"2024-09-28 13:22:00","2024-09-28 15:52:00",54.77961,54.77989,7.06616186666667
"Moderate",149.999999994083,"2024-09-29 02:22:00","2024-09-29 04:52:00",54.78109,54.78138,7.05499005
"Moderate",179.999999997381,"2024-09-29 14:22:00","2024-09-29 17:22:00",54.78246,54.7828,7.08284021428571
"Moderate",180.000000001115,"2024-09-30 02:52:00","2024-09-30 05:52:00",54.78389,54.78423,7.0951342
"Moderate",90.0000000024249,"2024-09-30 16:22:00","2024-09-30 17:52:00",54.78543,54.7856,7.1538351
"Moderate",119.999999998254,"2024-10-01 04:22:00","2024-10-01 06:22:00",54.7868,54.78703,7.14614218
"Moderate",89.9999999986903,"2024-10-03 05:52:00","2024-10-03 07:22:00",54.79245,54.79262,7.152368425
"Moderate",89.9999999986903,"2024-10-04 06:22:00","2024-10-04 07:52:00",54.79525,54.79542,7.14925025
"Moderate",90.0000000024249,"2024-10-04 19:22:00","2024-10-04 20:52:00",54.79673,54.7969,7.149022525
"Moderate",90.0000000024249,"2024-10-05 06:52:00","2024-10-05 08:22:00",54.79804,54.79822,7.13793865
"Moderate",89.9999999986903,"2024-10-05 19:52:00","2024-10-05 21:22:00",54.79953,54.7997,7.152257
"Moderate",180.000000001115,"2024-10-07 19:22:00","2024-10-07 22:22:00",54.80495,54.80529,7.05164201428571
"Moderate",120.000000001988,"2024-10-08 07:52:00","2024-10-08 09:52:00",54.80638,54.80661,7.10502422
"Moderate",89.9999999986903,"2024-10-08 21:22:00","2024-10-08 22:52:00",54.80792,54.80809,7.157089125
"Moderate",59.9999999991269,"2024-10-09 09:22:00","2024-10-09 10:22:00",54.80929,54.8094,7.13598666666667
"Moderate",59.9999999991269,"2024-10-09 22:52:00","2024-10-09 23:52:00",54.81083,54.81094,7.15411966666667
"Marginal",240.000000003977,"2024-06-10 06:30:00","2024-06-10 10:30:00",54.47745,54.47791,7.08671351111111
"Marginal",119.999999998254,"2024-06-10 20:30:00","2024-06-10 22:30:00",54.47905,54.47928,7.22614914
"Marginal",269.999999999806,"2024-06-11 07:00:00","2024-06-11 11:30:00",54.48025,54.48076,7.13881316
"Marginal",60.0000000028615,"2024-06-11 22:30:00","2024-06-11 23:30:00",54.48202,54.48213,7.22825986666667
"Marginal",240.000000000242,"2024-06-12 08:00:00","2024-06-12 12:00:00",54.48311,54.48356,7.1239964875
"Marginal",269.999999999806,"2024-06-13 08:30:00","2024-06-13 13:00:00",54.4859,54.48642,7.11925429
"Marginal",89.9999999986903,"2024-06-14","2024-06-14 01:30:00",54.48767,54.48784,7.19734705
"Marginal",240.000000000242,"2024-06-14 09:30:00","2024-06-14 13:30:00",54.48876,54.48921,7.09856767777778
"Marginal",210.000000000679,"2024-06-14 23:00:00","2024-06-15 02:30:00",54.4903,54.4907,7.1250082125
"Marginal",209.999999996944,"2024-06-15 10:30:00","2024-06-15 14:00:00",54.49161,54.49201,7.1756612125
"Marginal",149.999999994083,"2024-06-16 01:00:00","2024-06-16 03:30:00",54.49326,54.49355,7.1734635
"Marginal",120.000000005723,"2024-06-16 12:30:00","2024-06-16 14:30:00",54.49458,54.49481,7.24714838
"Marginal",180.000000001115,"2024-06-17 01:30:00","2024-06-17 04:30:00",54.49606,54.4964,7.17052602857143
"Marginal",180.000000001115,"2024-06-17 12:30:00","2024-06-17 15:30:00",54.49732,54.49766,7.24087391428571
"Marginal",180.000000001115,"2024-06-18 02:30:00","2024-06-18 05:30:00",54.49892,54.49926,7.16868448571429
"Marginal",180.000000001115,"2024-06-19 03:30:00","2024-06-19 06:30:00",54.50177,54.50211,7.13745064285714
"Marginal",180.000000001115,"2024-06-20 04:00:00","2024-06-20 07:00:00",54.50457,54.50491,7.18640312857143
"Marginal",239.999999996508,"2024-06-21 04:00:00","2024-06-21 08:00:00",54.50731,54.50776,7.16446025555556
"Marginal",300.000000003104,"2024-06-22 03:30:00","2024-06-22 08:30:00",54.50999,54.51056,7.00171856363636
"Marginal",180.000000001115,"2024-06-22 17:00:00","2024-06-22 20:00:00",54.51153,54.51187,7.15188478571429
"Marginal",329.999999998932,"2024-06-23 03:30:00","2024-06-23 09:00:00",54.51273,54.51336,6.96350934166667
"Marginal",210.000000004413,"2024-06-23 17:00:00","2024-06-23 20:30:00",54.51427,54.51467,7.11188815
"Marginal",330.000000002667,"2024-06-24 04:30:00","2024-06-24 10:00:00",54.51558,54.51621,7.01086535
"Marginal",119.999999998254,"2024-06-24 19:30:00","2024-06-24 21:30:00",54.51729,54.51752,7.25545886
"Marginal",299.999999999369,"2024-06-25 05:30:00","2024-06-25 10:30:00",54.51844,54.51901,7.1316495
"Marginal",150.000000001552,"2024-06-25 20:00:00","2024-06-25 22:30:00",54.52009,54.52038,7.17476166666667
"Marginal",269.999999999806,"2024-06-26 06:30:00","2024-06-26 11:00:00",54.52129,54.5218,7.08916966
"Marginal",210.000000004413,"2024-06-26 20:00:00","2024-06-26 23:30:00",54.52283,54.52323,7.128698775
"Marginal",359.999999998496,"2024-06-27 06:30:00","2024-06-27 12:30:00",54.52403,54.52471,6.93281373846154
"Marginal",269.999999999806,"2024-06-27 20:00:00","2024-06-28 00:30:00",54.52557,54.52608,6.98841617
"Marginal",300.000000003104,"2024-06-28 08:00:00","2024-06-28 13:00:00",54.52694,54.52751,7.05886925454545
"Marginal",269.999999999806,"2024-06-28 21:30:00","2024-06-29 02:00:00",54.52848,54.529,7.04644923
"Marginal",269.999999999806,"2024-06-29 09:00:00","2024-06-29 13:30:00",54.52979,54.53031,7.09248822
"Marginal",269.999999999806,"2024-06-29 22:00:00","2024-06-30 02:30:00",54.53128,54.53179,7.06759305
"Marginal",269.999999999806,"2024-06-30 10:00:00","2024-06-30 14:30:00",54.53265,54.53316,7.09004322
"Marginal",330.000000002667,"2024-06-30 22:30:00","2024-07-01 04:00:00",54.53408,54.5347,6.96449986666667
"Marginal",90.0000000024249,"2024-07-01 11:30:00","2024-07-01 13:00:00",54.53556,54.53573,7.19684165
"Marginal",269.999999999806,"2024-07-02 00:30:00","2024-07-02 05:00:00",54.53704,54.53756,7.08645373
"Marginal",180.000000001115,"2024-07-02 13:30:00","2024-07-02 16:30:00",54.53853,54.53887,7.26381704285714
"Marginal",269.999999999806,"2024-07-03 01:30:00","2024-07-03 06:00:00",54.5399,54.54041,7.1413796
"Marginal",180.000000001115,"2024-07-03 14:30:00","2024-07-03 17:30:00",54.54138,54.54172,7.27063361428571
"Marginal",269.999999999806,"2024-07-04 02:30:00","2024-07-04 07:00:00",54.54275,54.54326,7.15543219
"Marginal",240.000000000242,"2024-07-05 03:30:00","2024-07-05 07:30:00",54.54561,54.54606,7.11575213333333
"Marginal",89.9999999986903,"2024-07-05 17:30:00","2024-07-05 19:00:00",54.5472,54.54737,7.269502925
"Marginal",269.999999999806,"2024-07-06 03:30:00","2024-07-06 08:00:00",54.54834,54.54886,7.0079572
"Marginal",269.999999999806,"2024-07-06 15:30:00","2024-07-06 20:00:00",54.54971,54.55023,7.01280739
"Marginal",299.999999999369,"2024-07-07 04:00:00","2024-07-07 09:00:00",54.55114,54.55171,6.98739175454545
"Marginal",240.000000003977,"2024-07-07 17:00:00","2024-07-07 21:00:00",54.55263,54.55308,7.08853773333333
"Marginal",269.999999999806,"2024-07-08 05:00:00","2024-07-08 09:30:00",54.554,54.55451,7.04628854
"Marginal",180.000000001115,"2024-07-08 18:30:00","2024-07-08 21:30:00",54.55554,54.55588,7.1733627
"Marginal",299.999999995634,"2024-07-09 05:30:00","2024-07-09 10:30:00",54.55679,54.55736,7.10520728181818
"Marginal",179.999999997381,"2024-07-09 19:30:00","2024-07-09 22:30:00",54.55839,54.55873,7.18048771428571
"Marginal",269.999999999806,"2024-07-10 06:30:00","2024-07-10 11:00:00",54.55965,54.56016,7.13619505
"Marginal",149.999999997817,"2024-07-10 20:30:00","2024-07-10 23:00:00",54.56124,54.56153,7.20232563333333
"Marginal",240.000000000242,"2024-07-11 07:30:00","2024-07-11 11:30:00",54.5625,54.56296,7.16179391111111
"Marginal",150.000000001552,"2024-07-11 21:30:00","2024-07-12",54.5641,54.56438,7.20568368333333
"Marginal",240.000000003977,"2024-07-12 08:00:00","2024-07-12 12:00:00",54.5653,54.56575,7.16170124444444
"Marginal",210.000000004413,"2024-07-12 21:30:00","2024-07-13 01:00:00",54.56684,54.56724,7.1647696875
"Marginal",240.000000000242,"2024-07-13 09:00:00","2024-07-13 13:00:00",54.56815,54.56861,7.16020536666667
"Marginal",299.999999999369,"2024-07-13 21:00:00","2024-07-14 02:00:00",54.56952,54.57009,7.04289820909091
"Marginal",209.999999996944,"2024-07-14 10:00:00","2024-07-14 13:30:00",54.571,54.5714,7.0829834875
"Marginal",240.000000003977,"2024-07-14 22:30:00","2024-07-15 02:30:00",54.57243,54.57289,7.04664826666667
"Marginal",209.999999996944,"2024-07-15 10:30:00","2024-07-15 14:00:00",54.5738,54.5742,7.1626997125
"Marginal",209.999999996944,"2024-07-15 23:30:00","2024-07-16 03:00:00",54.57529,54.57568,7.0723779375
"Marginal",210.000000000679,"2024-07-16 11:30:00","2024-07-16 15:00:00",54.57666,54.57705,7.206951575
"Marginal",269.999999999806,"2024-07-17","2024-07-17 04:30:00",54.57808,54.5786,7.1073275
"Marginal",180.000000001115,"2024-07-17 12:30:00","2024-07-17 15:30:00",54.57951,54.57985,7.19882617142857
"Marginal",269.999999999806,"2024-07-18 01:00:00","2024-07-18 05:30:00",54.58094,54.58145,7.13842973
"Marginal",209.999999996944,"2024-07-18 13:30:00","2024-07-18 17:00:00",54.58236,54.58276,7.206327975
"Marginal",269.999999999806,"2024-07-19 02:00:00","2024-07-19 06:30:00",54.58379,54.5843,7.15616488
"Marginal",240.000000003977,"2024-07-20 03:00:00","2024-07-20 07:00:00",54.58664,54.5871,7.19851084444444
"Marginal",239.999999996508,"2024-07-21 04:00:00","2024-07-21 08:00:00",54.5895,54.58995,7.16927177777778
"Marginal",210.000000000679,"2024-07-22 05:00:00","2024-07-22 08:30:00",54.59235,54.59275,7.20454465
"Marginal",150.000000001552,"2024-07-22 18:00:00","2024-07-22 20:30:00",54.59384,54.59412,7.23006053333333
"Marginal",210.000000000679,"2024-07-23 05:30:00","2024-07-23 09:00:00",54.59515,54.59555,7.1866468625
"Marginal",149.999999997817,"2024-07-23 19:00:00","2024-07-23 21:30:00",54.59669,54.59697,7.218687
"Marginal",210.000000004413,"2024-07-24 06:30:00","2024-07-24 10:00:00",54.598,54.5984,7.22634475
"Marginal",90.0000000024249,"2024-07-24 20:30:00","2024-07-24 22:00:00",54.5996,54.59977,7.24471595
"Marginal",231.999999998118,"2024-07-25 07:00:00","2024-07-25 10:52:00",54.6008,54.60124,7.155193325
"Marginal",240.000000000242,"2024-07-25 19:22:00","2024-07-25 23:22:00",54.60221,54.60267,7.14445388888889
"Marginal",269.999999999806,"2024-07-26 07:22:00","2024-07-26 11:52:00",54.60358,54.60409,7.1612671
"Marginal",239.999999996508,"2024-07-26 20:22:00","2024-07-27 00:22:00",54.60506,54.60552,7.15307917777778
"Marginal",239.999999996508,"2024-07-27 08:22:00","2024-07-27 12:22:00",54.60643,54.60689,7.1845785
"Marginal",240.000000003977,"2024-07-27 21:22:00","2024-07-28 01:22:00",54.60792,54.60838,7.1497602
"Marginal",209.999999996944,"2024-07-28 09:52:00","2024-07-28 13:22:00",54.60935,54.60975,7.182734975
"Marginal",240.000000003977,"2024-07-28 22:22:00","2024-07-29 02:22:00",54.61077,54.61123,7.20051471111111
"Marginal",269.999999999806,"2024-07-29 09:52:00","2024-07-29 14:22:00",54.61209,54.6126,7.12566139
"Marginal",269.999999999806,"2024-07-29 22:52:00","2024-07-30 03:22:00",54.61357,54.61408,7.10353013
"Marginal",239.999999996508,"2024-07-30 11:22:00","2024-07-30 15:22:00",54.615,54.61545,7.1567236
"Marginal",240.000000000242,"2024-07-31 00:22:00","2024-07-31 04:22:00",54.61648,54.61694,7.11207556666667
"Marginal",179.999999997381,"2024-07-31 12:52:00","2024-07-31 15:52:00",54.61791,54.61825,7.17183891428571
"Marginal",299.999999999369,"2024-08-01 00:52:00","2024-08-01 05:52:00",54.61928,54.61985,7.12596014545455
"Marginal",210.000000004413,"2024-08-01 13:52:00","2024-08-01 17:22:00",54.62076,54.62116,7.1863429
"Marginal",239.999999996508,"2024-08-02 02:22:00","2024-08-02 06:22:00",54.62219,54.62264,7.14872836666667
"Marginal",209.999999996944,"2024-08-02 14:52:00","2024-08-02 18:22:00",54.62361,54.62401,7.18042905
"Marginal",240.000000003977,"2024-08-03 03:22:00","2024-08-03 07:22:00",54.62504,54.6255,7.13364296666667
"Marginal",180.000000001115,"2024-08-03 15:52:00","2024-08-03 18:52:00",54.62647,54.62681,7.18952302857143
"Marginal",269.999999999806,"2024-08-04 03:22:00","2024-08-04 07:52:00",54.62778,54.6283,7.12832523
"Marginal",240.000000003977,"2024-08-04 16:22:00","2024-08-04 20:22:00",54.62927,54.62972,7.20838985555556
"Marginal",299.999999995634,"2024-08-05 03:52:00","2024-08-05 08:52:00",54.63058,54.63115,7.0819444
"Marginal",179.999999997381,"2024-08-05 17:22:00","2024-08-05 20:22:00",54.63212,54.63246,7.1491836
"Marginal",239.999999996508,"2024-08-06 05:22:00","2024-08-06 09:22:00",54.63349,54.63395,7.14748395555556
"Marginal",209.999999996944,"2024-08-06 17:52:00","2024-08-06 21:22:00",54.63492,54.63532,7.2167233875
"Marginal",239.999999996508,"2024-08-07 05:22:00","2024-08-07 09:22:00",54.63623,54.63669,7.13942236666667
"Marginal",180.000000001115,"2024-08-07 18:52:00","2024-08-07 21:52:00",54.63777,54.63811,7.17219311428571
"Marginal",210.000000004413,"2024-08-08 06:22:00","2024-08-08 09:52:00",54.63908,54.63948,7.18020055
"Marginal",150.000000001552,"2024-08-08 19:52:00","2024-08-08 22:22:00",54.64062,54.64091,7.23419256666667
"Marginal",180.000000001115,"2024-08-09 07:22:00","2024-08-09 10:22:00",54.64194,54.64228,7.1824176
"Marginal",89.9999999986903,"2024-08-09 21:22:00","2024-08-09 22:52:00",54.64354,54.64371,7.255529925
"Marginal",210.000000000679,"2024-08-10 07:52:00","2024-08-10 11:22:00",54.64473,54.64513,7.2112547125
"Marginal",150.000000001552,"2024-08-10 21:22:00","2024-08-10 23:52:00",54.64627,54.64656,7.19829315
"Marginal",210.000000000679,"2024-08-11 08:22:00","2024-08-11 11:52:00",54.64753,54.64793,7.207205925
"Marginal",89.9999999986903,"2024-08-11 22:52:00","2024-08-12 00:22:00",54.64919,54.64936,7.25645125
"Marginal",119.999999998254,"2024-08-12 10:22:00","2024-08-12 12:22:00",54.6505,54.65073,7.25369188
"Marginal",119.999999998254,"2024-08-13 11:22:00","2024-08-13 13:22:00",54.65335,54.65358,7.2608313
"Marginal",89.9999999986903,"2024-08-14 12:22:00","2024-08-14 13:52:00",54.65621,54.65638,7.255672725
"Marginal",59.9999999953923,"2024-08-15 14:22:00","2024-08-15 15:22:00",54.65917,54.65929,7.28406483333333
"Marginal",89.9999999986903,"2024-08-16 02:52:00","2024-08-16 04:22:00",54.6606,54.66077,7.2520546
"Marginal",120.000000001988,"2024-08-17 03:22:00","2024-08-17 05:22:00",54.6634,54.66363,7.22823602
"Marginal",59.9999999953923,"2024-08-18 05:22:00","2024-08-18 06:22:00",54.66637,54.66648,7.25441153333333
"Marginal",179.999999997381,"2024-08-19 04:22:00","2024-08-19 07:22:00",54.66899,54.66933,7.11515788571429
"Marginal",209.999999996944,"2024-08-19 15:52:00","2024-08-19 19:22:00",54.6703,54.6707,7.0945348125
"Marginal",240.000000003977,"2024-08-20 04:22:00","2024-08-20 08:22:00",54.67173,54.67219,7.08269338888889
"Marginal",210.000000004413,"2024-08-20 16:52:00","2024-08-20 20:22:00",54.67316,54.67356,7.1328083875
"Marginal",209.999999996944,"2024-08-21 05:22:00","2024-08-21 08:52:00",54.67459,54.67498,7.137856075
"Marginal",149.999999994083,"2024-08-21 18:52:00","2024-08-21 21:22:00",54.67613,54.67641,7.19134845
"Marginal",179.999999997381,"2024-08-22 06:52:00","2024-08-22 09:52:00",54.6775,54.67784,7.24070117142857
"Marginal",119.999999998254,"2024-08-22 20:22:00","2024-08-22 22:22:00",54.67904,54.67927,7.2137885
"Marginal",180.000000001115,"2024-08-23 07:22:00","2024-08-23 10:22:00",54.68029,54.68064,7.25186322857143
"Marginal",120.000000001988,"2024-08-23 21:22:00","2024-08-23 23:22:00",54.68189,54.68212,7.23882198
"Marginal",120.000000005723,"2024-08-24 09:22:00","2024-08-24 11:22:00",54.68326,54.68349,7.2624972
"Marginal",149.999999997817,"2024-08-24 21:52:00","2024-08-25 00:22:00",54.68469,54.68497,7.24314588333333
"Marginal",89.9999999986903,"2024-08-25 10:22:00","2024-08-25 11:52:00",54.68611,54.68629,7.25409535
"Marginal",150.000000001552,"2024-08-25 22:52:00","2024-08-26 01:22:00",54.68754,54.68783,7.23710741666667
"Marginal",179.999999997381,"2024-08-26 09:52:00","2024-08-26 12:52:00",54.6888,54.68914,7.2402441
"Marginal",180.000000001115,"2024-08-26 23:22:00","2024-08-27 02:22:00",54.69034,54.69068,7.2512093
"Marginal",149.999999994083,"2024-08-27 11:22:00","2024-08-27 13:52:00",54.69171,54.69199,7.09907146666667
"Marginal",239.999999996508,"2024-08-27 23:22:00","2024-08-28 03:22:00",54.69308,54.69354,7.11290743333333
"Marginal",210.000000000679,"2024-08-28 11:22:00","2024-08-28 14:52:00",54.69445,54.69485,7.1407441625
"Marginal",240.000000003977,"2024-08-29 00:22:00","2024-08-29 04:22:00",54.69593,54.69639,7.13588162222222
"Marginal",180.000000001115,"2024-08-29 12:52:00","2024-08-29 15:52:00",54.69736,54.6977,7.190391
"Marginal",149.999999997817,"2024-08-30 02:22:00","2024-08-30 04:52:00",54.6989,54.69919,7.19957186666667
"Marginal",119.999999998254,"2024-08-30 14:52:00","2024-08-30 16:52:00",54.70033,54.70056,7.2673331
"Marginal",119.999999998254,"2024-08-31 03:52:00","2024-08-31 05:52:00",54.70181,54.70204,7.23027662
"Marginal",150.000000001552,"2024-08-31 15:22:00","2024-08-31 17:52:00",54.70312,54.70341,7.21841675
"Marginal",149.999999997817,"2024-09-01 03:52:00","2024-09-01 06:22:00",54.70455,54.70484,7.2034866
"Marginal",179.999999997381,"2024-09-01 15:22:00","2024-09-01 18:22:00",54.70586,54.70621,7.1780038
"Marginal",240.000000000242,"2024-09-02 03:22:00","2024-09-02 07:22:00",54.70723,54.70769,7.13846452222222
"Marginal",119.999999998254,"2024-09-02 17:22:00","2024-09-02 19:22:00",54.70883,54.70906,7.22679132
"Marginal",179.999999997381,"2024-09-03 04:52:00","2024-09-03 07:52:00",54.71014,54.71049,7.19426915714286
"Marginal",89.9999999986903,"2024-09-03 18:52:00","2024-09-03 20:22:00",54.71174,54.71191,7.246777475
"Marginal",89.9999999986903,"2024-09-04 06:52:00","2024-09-04 08:22:00",54.71311,54.71328,7.2461796
"Marginal",60.0000000028615,"2024-09-05 07:52:00","2024-09-05 08:52:00",54.71597,54.71608,7.24151286666667
"Marginal",89.9999999986903,"2024-09-06 07:52:00","2024-09-06 09:22:00",54.71871,54.71888,7.250797375
"Marginal",59.9999999991269,"2024-09-06 20:52:00","2024-09-06 21:52:00",54.72019,54.7203,7.22323636666667
"Marginal",89.9999999986903,"2024-09-07 07:52:00","2024-09-07 09:22:00",54.72145,54.72162,7.235376225
"Marginal",60.0000000028615,"2024-09-07 21:22:00","2024-09-07 22:22:00",54.72299,54.7231,7.2344225
"Marginal",179.999999997381,"2024-09-08 07:22:00","2024-09-08 10:22:00",54.72413,54.72447,7.22524852857143
"Marginal",150.000000005286,"2024-09-08 21:22:00","2024-09-08 23:52:00",54.72573,54.72601,7.24920221666667
"Marginal",149.999999997817,"2024-09-09 08:22:00","2024-09-09 10:52:00",54.72698,54.72727,7.23959225
"Marginal",59.9999999991269,"2024-09-09 23:22:00","2024-09-10 00:22:00",54.72869,54.72881,7.2427169
"Marginal",120.000000001988,"2024-09-10 09:22:00","2024-09-10 11:22:00",54.72984,54.73006,7.24316694
"Marginal",150.000000001552,"2024-09-10 22:52:00","2024-09-11 01:22:00",54.73138,54.73166,7.2464287
"Marginal",119.999999998254,"2024-09-11 10:22:00","2024-09-11 12:22:00",54.73269,54.73292,7.25258926
"Marginal",89.9999999986903,"2024-09-12 00:22:00","2024-09-12 01:52:00",54.73429,54.73446,7.23984845
"Marginal",119.999999998254,"2024-09-12 11:52:00","2024-09-12 13:52:00",54.7356,54.73583,7.24834676
"Marginal",59.9999999953923,"2024-09-13 02:22:00","2024-09-13 03:22:00",54.73726,54.73737,7.22312386666667
"Marginal",119.999999998254,"2024-09-13 12:52:00","2024-09-13 14:52:00",54.73846,54.73868,7.20999546
"Marginal",90.0000000024249,"2024-09-14 02:52:00","2024-09-14 04:22:00",54.74005,54.74022,7.25800935
"Marginal",150.000000001552,"2024-09-14 13:52:00","2024-09-14 16:22:00",54.74131,54.74159,7.24510346666667
"Marginal",150.000000001552,"2024-09-15 02:52:00","2024-09-15 05:22:00",54.74279,54.74308,7.21986438333333
"Marginal",119.999999998254,"2024-09-15 14:52:00","2024-09-15 16:52:00",54.74416,54.74439,7.25041232
"Marginal",89.9999999986903,"2024-09-16 04:22:00","2024-09-16 05:52:00",54.7457,54.74588,7.248788275
"Marginal",149.999999997817,"2024-09-16 15:52:00","2024-09-16 18:22:00",54.74702,54.7473,7.21610231666667
"Marginal",120.000000001988,"2024-09-17 04:52:00","2024-09-17 06:52:00",54.7485,54.74873,7.2136052
"Marginal",150.000000001552,"2024-09-17 16:52:00","2024-09-17 19:22:00",54.74987,54.75016,7.2123345
"Marginal",180.000000001115,"2024-09-18 04:22:00","2024-09-18 07:22:00",54.75118,54.75153,7.21568278571429
"Marginal",89.9999999986903,"2024-09-18 18:22:00","2024-09-18 19:52:00",54.75278,54.75295,7.210324975
"Marginal",149.999999997817,"2024-09-19 05:22:00","2024-09-19 07:52:00",54.75404,54.75432,7.23807346666667
"Marginal",90.0000000024249,"2024-09-19 19:22:00","2024-09-19 20:52:00",54.75564,54.75581,7.218377525
"Marginal",60.0000000028615,"2024-09-20 07:22:00","2024-09-20 08:22:00",54.75701,54.75712,7.26051223333333
"Marginal",59.9999999991269,"2024-09-20 20:22:00","2024-09-20 21:22:00",54.75849,54.7586,7.23466573333333
"Marginal",90.0000000024249,"2024-09-21 07:52:00","2024-09-21 09:22:00",54.7598,54.75997,7.2584691
"Marginal",89.9999999986903,"2024-09-22 08:22:00","2024-09-22 09:52:00",54.7626,54.76277,7.2760802
"Marginal",60.0000000028615,"2024-09-23 09:22:00","2024-09-23 10:22:00",54.76545,54.76557,7.25555586666667
"Marginal",90.0000000024249,"2024-09-24 09:52:00","2024-09-24 11:22:00",54.76825,54.76842,7.2505558
"Marginal",90.0000000024249,"2024-09-25 11:22:00","2024-09-25 12:52:00",54.77116,54.77133,7.1194595
"Marginal",149.999999997817,"2024-09-25 23:22:00","2024-09-26 01:52:00",54.77253,54.77282,7.15329126666667
"Marginal",149.999999997817,"2024-09-26 11:22:00","2024-09-26 13:52:00",54.7739,54.77419,7.1362341
"Marginal",239.999999996508,"2024-09-26 23:22:00","2024-09-27 03:22:00",54.77527,54.77573,7.0541584
"Marginal",269.999999999806,"2024-09-27 10:52:00","2024-09-27 15:22:00",54.77658,54.7771,6.97339737
"Marginal",240.000000000242,"2024-09-28 00:22:00","2024-09-28 04:22:00",54.77812,54.77858,6.98682298888889
"Marginal",209.999999996944,"2024-09-28 12:52:00","2024-09-28 16:22:00",54.77955,54.77995,7.1069404875
"Marginal",179.999999997381,"2024-09-29 01:52:00","2024-09-29 04:52:00",54.78104,54.78138,7.07427957142857
"Marginal",210.000000000679,"2024-09-29 13:52:00","2024-09-29 17:22:00",54.7824,54.7828,7.103929375
"Marginal",210.000000000679,"2024-09-30 02:22:00","2024-09-30 05:52:00",54.78383,54.78423,7.109657675
"Marginal",180.000000001115,"2024-09-30 14:52:00","2024-09-30 17:52:00",54.78526,54.7856,7.18408405714286
"Marginal",180.000000001115,"2024-10-01 03:22:00","2024-10-01 06:22:00",54.78669,54.78703,7.1742517
"Marginal",119.999999998254,"2024-10-01 16:22:00","2024-10-01 18:22:00",54.78817,54.7884,7.22462392
"Marginal",119.999999998254,"2024-10-02 04:22:00","2024-10-02 06:22:00",54.78954,54.78977,7.21727034
"Marginal",89.9999999986903,"2024-10-02 17:52:00","2024-10-02 19:22:00",54.79108,54.79125,7.234147825
"Marginal",150.000000001552,"2024-10-03 04:52:00","2024-10-03 07:22:00",54.79234,54.79262,7.17611973333333
"Marginal",119.999999998254,"2024-10-03 17:52:00","2024-10-03 19:52:00",54.79382,54.79405,7.2158366
"Marginal",179.999999997381,"2024-10-04 05:22:00","2024-10-04 08:22:00",54.79513,54.79548,7.19221142857143
"Marginal",180.000000001115,"2024-10-04 17:52:00","2024-10-04 20:52:00",54.79656,54.7969,7.18555324285714
"Marginal",150.000000001552,"2024-10-05 05:52:00","2024-10-05 08:22:00",54.79793,54.79822,7.16894601666667
"Marginal",180.000000001115,"2024-10-05 18:22:00","2024-10-05 21:22:00",54.79936,54.7997,7.18840845714286
"Marginal",119.999999998254,"2024-10-06 06:52:00","2024-10-06 08:52:00",54.80078,54.80101,7.2017229
"Marginal",90.0000000024249,"2024-10-06 19:52:00","2024-10-06 21:22:00",54.80227,54.80244,7.24657975
"Marginal",209.999999996944,"2024-10-07 18:52:00","2024-10-07 22:22:00",54.80489,54.80529,7.0708616375
"Marginal",150.000000001552,"2024-10-08 07:22:00","2024-10-08 09:52:00",54.80632,54.80661,7.12799371666667
"Marginal",149.999999997817,"2024-10-08 20:22:00","2024-10-08 22:52:00",54.8078,54.80809,7.18467228333333
"Marginal",119.999999998254,"2024-10-09 08:22:00","2024-10-09 10:22:00",54.80917,54.8094,7.18066064
"Marginal",180.000000001115,"2024-10-09 21:22:00","2024-10-10 00:22:00",54.81066,54.811,7.19539335714286
"Marginal",150.000000001552,"2024-10-10 09:22:00","2024-10-10 11:52:00",54.81203,54.81231,7.20174618333333
"Marginal",89.9999999986903,"2024-10-11 00:22:00","2024-10-11 01:52:00",54.81374,54.81391,7.22436925
"Marginal",150.000000001552,"2024-10-11 10:52:00","2024-10-11 13:22:00",54.81494,54.81522,7.2540803
"Marginal",59.9999999991269,"2024-10-12 01:52:00","2024-10-12 02:52:00",54.81665,54.81677,7.24324086666667
"Marginal",60.0000000028615,"2024-10-12 13:52:00","2024-10-12 14:52:00",54.81802,54.81814,7.2777878
"Marginal",120.000000005723,"2024-10-13 01:52:00","2024-10-13 03:52:00",54.81939,54.81962,7.24054296
"Marginal",59.9999999991269,"2024-10-15 04:22:00","2024-10-15 05:22:00",54.82516,54.82527,7.2699488
"Marginal",59.9999999953923,"2024-10-20 08:22:00","2024-10-20 09:22:00",54.83931,54.83943,7.28877943333333
"Marginal",90.0000000024249,"2024-10-21 08:52:00","2024-10-21 10:22:00",54.84211,54.84228,7.267931975
"Marginal",89.9999999986903,"2024-10-21 21:52:00","2024-10-21 23:22:00",54.84359,54.84376,7.265093575
"Marginal",150.000000001552,"2024-10-22 08:52:00","2024-10-22 11:22:00",54.84485,54.84513,7.26345863333333
"Marginal",119.999999998254,"2024-10-22 22:22:00","2024-10-23 00:22:00",54.84639,54.84662,7.23860492
"Marginal",59.9999999953923,"2024-10-23 09:52:00","2024-10-23 10:52:00",54.8477,54.84782,7.238672725
"Marginal",119.999999998254,"2024-10-23 21:52:00","2024-10-23 23:52:00",54.84907,54.8493,7.22839756
"Marginal",89.9999999986903,"2024-10-24 09:52:00","2024-10-24 11:22:00",54.85044,54.85061,7.2832312
"Marginal",119.999999998254,"2024-11-01 04:22:00","2024-11-01 06:22:00",54.87173,54.87196,7.24028102
"Marginal",89.9999999986903,"2024-11-02 05:23:00","2024-11-02 06:53:00",54.87459,54.87476,7.2659153
"Marginal",150.000000001552,"2024-11-06 06:53:00","2024-11-06 09:23:00",54.88572,54.886,7.23940096666667
"Marginal",179.999999997381,"2024-11-07 07:23:00","2024-11-07 10:23:00",54.88851,54.88886,7.25174582857143
"Sub-Optimal",269.999999999806,"2024-06-10 06:00:00","2024-06-10 10:30:00",54.4774,54.47791,7.10741726
"Sub-Optimal",150.000000001552,"2024-06-10 20:00:00","2024-06-10 22:30:00",54.479,54.47928,7.24465073333333
"Sub-Optimal",269.999999999806,"2024-06-11 07:00:00","2024-06-11 11:30:00",54.48025,54.48076,7.13881316
"Sub-Optimal",150.000000001552,"2024-06-11 21:00:00","2024-06-11 23:30:00",54.48185,54.48213,7.2751017
"Sub-Optimal",269.999999999806,"2024-06-12 07:30:00","2024-06-12 12:00:00",54.48305,54.48356,7.14645798888889
"Sub-Optimal",59.9999999991269,"2024-06-12 23:30:00","2024-06-13 00:30:00",54.48487,54.48499,7.3064482
"Sub-Optimal",269.999999999806,"2024-06-13 08:30:00","2024-06-13 13:00:00",54.4859,54.48642,7.11925429
"Sub-Optimal",119.999999998254,"2024-06-13 23:30:00","2024-06-14 01:30:00",54.48761,54.48784,7.21596498
"Sub-Optimal",240.000000000242,"2024-06-14 09:30:00","2024-06-14 13:30:00",54.48876,54.48921,7.09856767777778
"Sub-Optimal",240.000000000242,"2024-06-14 22:30:00","2024-06-15 02:30:00",54.49024,54.4907,7.15357212222222
"Sub-Optimal",209.999999996944,"2024-06-15 10:30:00","2024-06-15 14:00:00",54.49161,54.49201,7.1756612125
"Sub-Optimal",179.999999997381,"2024-06-16 00:30:00","2024-06-16 03:30:00",54.49321,54.49355,7.19434704285714
"Sub-Optimal",209.999999996944,"2024-06-16 11:30:00","2024-06-16 15:00:00",54.49446,54.49486,7.27765925
"Sub-Optimal",210.000000000679,"2024-06-17 01:00:00","2024-06-17 04:30:00",54.496,54.4964,7.1928749
"Sub-Optimal",240.000000003977,"2024-06-17 12:00:00","2024-06-17 16:00:00",54.49726,54.49772,7.26594724444444
"Sub-Optimal",240.000000000242,"2024-06-18 01:30:00","2024-06-18 05:30:00",54.4988,54.49926,7.20572556666667
"Sub-Optimal",179.999999997381,"2024-06-18 13:00:00","2024-06-18 16:00:00",54.50011,54.50046,7.3590712
"Sub-Optimal",239.999999996508,"2024-06-19 02:30:00","2024-06-19 06:30:00",54.50166,54.50211,7.17573587777778
"Sub-Optimal",240.000000003977,"2024-06-20 03:00:00","2024-06-20 07:00:00",54.50445,54.50491,7.22278376666667
"Sub-Optimal",269.999999999806,"2024-06-21 03:30:00","2024-06-21 08:00:00",54.50725,54.50776,7.18154313
"Sub-Optimal",330.000000002667,"2024-06-22 03:00:00","2024-06-22 08:30:00",54.50993,54.51056,7.02686146666667
"Sub-Optimal",210.000000000679,"2024-06-22 16:30:00","2024-06-22 20:00:00",54.51147,54.51187,7.1712299375
"Sub-Optimal",329.999999998932,"2024-06-23 03:30:00","2024-06-23 09:00:00",54.51273,54.51336,6.96350934166667
"Sub-Optimal",240.000000003977,"2024-06-23 16:30:00","2024-06-23 20:30:00",54.51421,54.51467,7.1414338
"Sub-Optimal",360.000000002231,"2024-06-24 04:00:00","2024-06-24 10:00:00",54.51553,54.51621,7.03376755384615
"Sub-Optimal",179.999999997381,"2024-06-24 18:30:00","2024-06-24 21:30:00",54.51718,54.51752,7.28321327142857
"Sub-Optimal",299.999999999369,"2024-06-25 05:30:00","2024-06-25 10:30:00",54.51844,54.51901,7.1316495
"Sub-Optimal",210.000000000679,"2024-06-25 19:00:00","2024-06-25 22:30:00",54.51998,54.52038,7.216308875
"Sub-Optimal",299.999999999369,"2024-06-26 06:00:00","2024-06-26 11:00:00",54.52123,54.5218,7.11556882727273
"Sub-Optimal",240.000000000242,"2024-06-26 19:30:00","2024-06-26 23:30:00",54.52277,54.52323,7.14791968888889
"Sub-Optimal",359.999999998496,"2024-06-27 06:30:00","2024-06-27 12:30:00",54.52403,54.52471,6.93281373846154
"Sub-Optimal",269.999999999806,"2024-06-27 20:00:00","2024-06-28 00:30:00",54.52557,54.52608,6.98841617
"Sub-Optimal",330.000000002667,"2024-06-28 07:30:00","2024-06-28 13:00:00",54.52688,54.52751,7.08529865
"Sub-Optimal",299.999999999369,"2024-06-28 21:00:00","2024-06-29 02:00:00",54.52842,54.529,7.0730553
"Sub-Optimal",269.999999999806,"2024-06-29 09:00:00","2024-06-29 13:30:00",54.52979,54.53031,7.09248822
"Sub-Optimal",269.999999999806,"2024-06-29 22:00:00","2024-06-30 02:30:00",54.53128,54.53179,7.06759305
"Sub-Optimal",269.999999999806,"2024-06-30 10:00:00","2024-06-30 14:30:00",54.53265,54.53316,7.09004322
"Sub-Optimal",360.000000002231,"2024-06-30 22:00:00","2024-07-01 04:00:00",54.53402,54.5347,6.99338272307692
"Sub-Optimal",269.999999999806,"2024-07-01 11:00:00","2024-07-01 15:30:00",54.5355,54.53602,7.27870002
"Sub-Optimal",299.999999995634,"2024-07-02","2024-07-02 05:00:00",54.53699,54.53756,7.10705675454545
"Sub-Optimal",240.000000003977,"2024-07-02 12:30:00","2024-07-02 16:30:00",54.53841,54.53887,7.27556393333333
"Sub-Optimal",299.999999999369,"2024-07-03 01:00:00","2024-07-03 06:00:00",54.53984,54.54041,7.159536
"Sub-Optimal",240.000000000242,"2024-07-03 13:30:00","2024-07-03 17:30:00",54.54127,54.54172,7.28655922222222
"Sub-Optimal",300.000000003104,"2024-07-04 02:00:00","2024-07-04 07:00:00",54.54269,54.54326,7.17280601818182
"Sub-Optimal",150.000000001552,"2024-07-04 15:30:00","2024-07-04 18:00:00",54.54424,54.54452,7.32221486666667
"Sub-Optimal",269.999999999806,"2024-07-05 03:00:00","2024-07-05 07:30:00",54.54555,54.54606,7.13417117
"Sub-Optimal",179.999999997381,"2024-07-05 16:00:00","2024-07-05 19:00:00",54.54703,54.54737,7.29257504285714
"Sub-Optimal",300.000000003104,"2024-07-06 03:30:00","2024-07-06 08:30:00",54.54834,54.54892,7.03424709090909
"Sub-Optimal",299.999999995634,"2024-07-06 15:00:00","2024-07-06 20:00:00",54.54966,54.55023,7.04304817272727
"Sub-Optimal",330.000000002667,"2024-07-07 03:30:00","2024-07-07 09:00:00",54.55108,54.55171,7.014663275
"Sub-Optimal",269.999999999806,"2024-07-07 16:30:00","2024-07-07 21:00:00",54.55257,54.55308,7.11513116
"Sub-Optimal",330.000000002667,"2024-07-08 04:30:00","2024-07-08 10:00:00",54.55394,54.55457,7.09530664166667
"Sub-Optimal",209.999999996944,"2024-07-08 18:00:00","2024-07-08 21:30:00",54.55548,54.55588,7.1934683625
"Sub-Optimal",299.999999995634,"2024-07-09 05:30:00","2024-07-09 10:30:00",54.55679,54.55736,7.10520728181818
"Sub-Optimal",209.999999996944,"2024-07-09 19:00:00","2024-07-09 22:30:00",54.55833,54.55873,7.19625605
"Sub-Optimal",299.999999999369,"2024-07-10 06:00:00","2024-07-10 11:00:00",54.55959,54.56016,7.15753265454545
"Sub-Optimal",210.000000000679,"2024-07-10 19:30:00","2024-07-10 23:00:00",54.56113,54.56153,7.2347774
"Sub-Optimal",269.999999999806,"2024-07-11 07:00:00","2024-07-11 11:30:00",54.56244,54.56296,7.18091716
"Sub-Optimal",209.999999996944,"2024-07-11 20:30:00","2024-07-12",54.56398,54.56438,7.2395415625
"Sub-Optimal",299.999999995634,"2024-07-12 07:30:00","2024-07-12 12:30:00",54.56524,54.56581,7.18918341818182
"Sub-Optimal",240.000000000242,"2024-07-12 21:00:00","2024-07-13 01:00:00",54.56678,54.56724,7.18152764444444
"Sub-Optimal",269.999999999806,"2024-07-13 08:30:00","2024-07-13 13:00:00",54.56809,54.56861,7.17623959
"Sub-Optimal",329.999999995198,"2024-07-13 20:30:00","2024-07-14 02:00:00",54.56946,54.57009,7.07079866666667
"Sub-Optimal",240.000000000242,"2024-07-14 09:30:00","2024-07-14 13:30:00",54.57095,54.5714,7.1065181
"Sub-Optimal",269.999999999806,"2024-07-14 22:00:00","2024-07-15 02:30:00",54.57237,54.57289,7.07523239
"Sub-Optimal",209.999999996944,"2024-07-15 10:30:00","2024-07-15 14:00:00",54.5738,54.5742,7.1626997125
"Sub-Optimal",240.000000000242,"2024-07-15 23:00:00","2024-07-16 03:00:00",54.57523,54.57568,7.10049294444444
"Sub-Optimal",210.000000000679,"2024-07-16 11:30:00","2024-07-16 15:00:00",54.57666,54.57705,7.206951575
"Sub-Optimal",299.999999999369,"2024-07-16 23:30:00","2024-07-17 04:30:00",54.57803,54.5786,7.12753251818182
"Sub-Optimal",209.999999996944,"2024-07-17 12:00:00","2024-07-17 15:30:00",54.57945,54.57985,7.2193598125
"Sub-Optimal",269.999999999806,"2024-07-18 01:00:00","2024-07-18 05:30:00",54.58094,54.58145,7.13842973
"Sub-Optimal",239.999999996508,"2024-07-18 13:00:00","2024-07-18 17:00:00",54.58231,54.58276,7.2171742
"Sub-Optimal",299.999999999369,"2024-07-19 01:30:00","2024-07-19 06:30:00",54.58373,54.5843,7.17132728181818
"Sub-Optimal",179.999999997381,"2024-07-19 15:00:00","2024-07-19 18:00:00",54.58527,54.58562,7.33937517142857
"Sub-Optimal",269.999999999806,"2024-07-20 02:30:00","2024-07-20 07:00:00",54.58659,54.5871,7.21438063
"Sub-Optimal",119.999999998254,"2024-07-20 16:30:00","2024-07-20 18:30:00",54.58818,54.58841,7.3243822
"Sub-Optimal",299.999999999369,"2024-07-21 03:00:00","2024-07-21 08:00:00",54.58938,54.58995,7.19922944545455
"Sub-Optimal",119.999999998254,"2024-07-21 17:30:00","2024-07-21 19:30:00",54.59104,54.59127,7.34942102
"Sub-Optimal",269.999999999806,"2024-07-22 04:00:00","2024-07-22 08:30:00",54.59224,54.59275,7.23159465
"Sub-Optimal",210.000000004413,"2024-07-22 17:00:00","2024-07-22 20:30:00",54.59372,54.59412,7.2563937625
"Sub-Optimal",240.000000003977,"2024-07-23 05:00:00","2024-07-23 09:00:00",54.59509,54.59555,7.20052706666667
"Sub-Optimal",209.999999996944,"2024-07-23 18:00:00","2024-07-23 21:30:00",54.59658,54.59697,7.24654225
"Sub-Optimal",240.000000000242,"2024-07-24 06:00:00","2024-07-24 10:00:00",54.59795,54.5984,7.2371604
"Sub-Optimal",180.000000001115,"2024-07-24 19:00:00","2024-07-24 22:00:00",54.59943,54.59977,7.28157518571429
"Sub-Optimal",262.000000001416,"2024-07-25 06:30:00","2024-07-25 10:52:00",54.60074,54.60124,7.17342068888889
"Sub-Optimal",240.000000000242,"2024-07-25 19:22:00","2024-07-25 23:22:00",54.60221,54.60267,7.14445388888889
"Sub-Optimal",299.999999999369,"2024-07-26 06:52:00","2024-07-26 11:52:00",54.60352,54.60409,7.17636720909091
"Sub-Optimal",269.999999999806,"2024-07-26 19:52:00","2024-07-27 00:22:00",54.60501,54.60552,7.17540846
"Sub-Optimal",269.999999999806,"2024-07-27 07:52:00","2024-07-27 12:22:00",54.60638,54.60689,7.20292485
"Sub-Optimal",269.999999999806,"2024-07-27 20:52:00","2024-07-28 01:22:00",54.60786,54.60838,7.16974941
"Sub-Optimal",240.000000000242,"2024-07-28 09:22:00","2024-07-28 13:22:00",54.60929,54.60975,7.19504134444444
"Sub-Optimal",269.999999999806,"2024-07-28 21:52:00","2024-07-29 02:22:00",54.61072,54.61123,7.21822854
"Sub-Optimal",300.000000003104,"2024-07-29 09:22:00","2024-07-29 14:22:00",54.61203,54.6126,7.14956726363636
"Sub-Optimal",299.999999999369,"2024-07-29 22:22:00","2024-07-30 03:22:00",54.61351,54.61408,7.12808275454545
"Sub-Optimal",269.999999999806,"2024-07-30 10:52:00","2024-07-30 15:22:00",54.61494,54.61545,7.17663531
"Sub-Optimal",269.999999999806,"2024-07-30 23:52:00","2024-07-31 04:22:00",54.61642,54.61694,7.13029021
"Sub-Optimal",240.000000000242,"2024-07-31 12:22:00","2024-07-31 16:22:00",54.61785,54.61831,7.20117378888889
"Sub-Optimal",299.999999999369,"2024-08-01 00:52:00","2024-08-01 05:52:00",54.61928,54.61985,7.12596014545455
"Sub-Optimal",240.000000000242,"2024-08-01 13:22:00","2024-08-01 17:22:00",54.6207,54.62116,7.19903546666667
"Sub-Optimal",269.999999999806,"2024-08-02 01:52:00","2024-08-02 06:22:00",54.62213,54.62264,7.16967053
"Sub-Optimal",239.999999996508,"2024-08-02 14:22:00","2024-08-02 18:22:00",54.62356,54.62401,7.19935315555556
"Sub-Optimal",269.999999999806,"2024-08-03 02:52:00","2024-08-03 07:22:00",54.62498,54.6255,7.15024183
"Sub-Optimal",210.000000004413,"2024-08-03 15:22:00","2024-08-03 18:52:00",54.62641,54.62681,7.2099819875
"Sub-Optimal",269.999999999806,"2024-08-04 03:22:00","2024-08-04 07:52:00",54.62778,54.6283,7.12832523
"Sub-Optimal",269.999999999806,"2024-08-04 15:52:00","2024-08-04 20:22:00",54.62921,54.62972,7.22162713
"Sub-Optimal",330.000000002667,"2024-08-05 03:22:00","2024-08-05 08:52:00",54.63052,54.63115,7.1038383
"Sub-Optimal",240.000000000242,"2024-08-05 16:52:00","2024-08-05 20:52:00",54.63206,54.63252,7.18600365555556
"Sub-Optimal",269.999999999806,"2024-08-06 04:52:00","2024-08-06 09:22:00",54.63343,54.63395,7.16432369
"Sub-Optimal",239.999999996508,"2024-08-06 17:22:00","2024-08-06 21:22:00",54.63486,54.63532,7.23070934444444
"Sub-Optimal",269.999999999806,"2024-08-07 04:52:00","2024-08-07 09:22:00",54.63617,54.63669,7.16243183
"Sub-Optimal",210.000000004413,"2024-08-07 18:22:00","2024-08-07 21:52:00",54.63771,54.63811,7.188605975
"Sub-Optimal",240.000000003977,"2024-08-08 05:52:00","2024-08-08 09:52:00",54.63903,54.63948,7.20047365555556
"Sub-Optimal",179.999999997381,"2024-08-08 19:22:00","2024-08-08 22:22:00",54.64057,54.64091,7.24858654285714
"Sub-Optimal",209.999999996944,"2024-08-09 06:52:00","2024-08-09 10:22:00",54.64188,54.64228,7.2002508125
"Sub-Optimal",149.999999994083,"2024-08-09 20:22:00","2024-08-09 22:52:00",54.64342,54.64371,7.27565223333333
"Sub-Optimal",240.000000000242,"2024-08-10 07:22:00","2024-08-10 11:22:00",54.64468,54.64513,7.2265813
"Sub-Optimal",239.999999996508,"2024-08-10 20:22:00","2024-08-11 00:22:00",54.64616,54.64662,7.24213124444444
"Sub-Optimal",240.000000003977,"2024-08-11 07:52:00","2024-08-11 11:52:00",54.64747,54.64793,7.22384466666667
"Sub-Optimal",180.000000001115,"2024-08-11 21:52:00","2024-08-12 00:52:00",54.64907,54.64941,7.29217387142857
"Sub-Optimal",180.000000001115,"2024-08-12 09:22:00","2024-08-12 12:22:00",54.65038,54.65073,7.26862297142857
"Sub-Optimal",149.999999997817,"2024-08-12 23:22:00","2024-08-13 01:52:00",54.65198,54.65227,7.3052047
"Sub-Optimal",209.999999996944,"2024-08-13 09:52:00","2024-08-13 13:22:00",54.65318,54.65358,7.2865005
"Sub-Optimal",60.0000000028615,"2024-08-14 01:22:00","2024-08-14 02:22:00",54.65495,54.65506,7.33144433333333
"Sub-Optimal",149.999999994083,"2024-08-14 11:22:00","2024-08-14 13:52:00",54.65609,54.65638,7.28340086666667
"Sub-Optimal",119.999999998254,"2024-08-15 01:22:00","2024-08-15 03:22:00",54.65769,54.65792,7.33734636
"Sub-Optimal",179.999999997381,"2024-08-15 12:22:00","2024-08-15 15:22:00",54.65895,54.65929,7.30931858571429
"Sub-Optimal",180.000000001115,"2024-08-16 01:52:00","2024-08-16 04:52:00",54.66049,54.66083,7.29404105714286
"Sub-Optimal",150.000000001552,"2024-08-16 13:52:00","2024-08-16 16:22:00",54.66186,54.66214,7.34296641666667
"Sub-Optimal",179.999999997381,"2024-08-17 02:22:00","2024-08-17 05:22:00",54.66328,54.66363,7.26391344285714
"Sub-Optimal",150.000000001552,"2024-08-17 14:52:00","2024-08-17 17:22:00",54.66471,54.665,7.31981785
"Sub-Optimal",180.000000001115,"2024-08-18 03:22:00","2024-08-18 06:22:00",54.66614,54.66648,7.29759811428571
"Sub-Optimal",179.999999997381,"2024-08-18 14:52:00","2024-08-18 17:52:00",54.66745,54.66779,7.3064307
"Sub-Optimal",209.999999996944,"2024-08-19 03:52:00","2024-08-19 07:22:00",54.66893,54.66933,7.1419222375
"Sub-Optimal",240.000000000242,"2024-08-19 15:22:00","2024-08-19 19:22:00",54.67025,54.6707,7.12199756666667
"Sub-Optimal",269.999999999806,"2024-08-20 03:52:00","2024-08-20 08:22:00",54.67167,54.67219,7.10350868
"Sub-Optimal",240.000000003977,"2024-08-20 16:22:00","2024-08-20 20:22:00",54.6731,54.67356,7.15630934444444
"Sub-Optimal",240.000000000242,"2024-08-21 04:52:00","2024-08-21 08:52:00",54.67453,54.67498,7.15747654444444
"Sub-Optimal",209.999999996944,"2024-08-21 17:52:00","2024-08-21 21:22:00",54.67601,54.67641,7.228760775
"Sub-Optimal",269.999999999806,"2024-08-22 05:22:00","2024-08-22 09:52:00",54.67732,54.67784,7.27101205
"Sub-Optimal",210.000000000679,"2024-08-22 18:52:00","2024-08-22 22:22:00",54.67887,54.67927,7.2545372625
"Sub-Optimal",240.000000003977,"2024-08-23 06:22:00","2024-08-23 10:22:00",54.68018,54.68064,7.26936717777778
"Sub-Optimal",210.000000004413,"2024-08-23 19:52:00","2024-08-23 23:22:00",54.68172,54.68212,7.2759436625
"Sub-Optimal",240.000000003977,"2024-08-24 07:22:00","2024-08-24 11:22:00",54.68303,54.68349,7.29004472222222
"Sub-Optimal",239.999999996508,"2024-08-24 20:22:00","2024-08-25 00:22:00",54.68452,54.68497,7.27614581111111
"Sub-Optimal",209.999999996944,"2024-08-25 08:22:00","2024-08-25 11:52:00",54.68589,54.68629,7.2852319875
"Sub-Optimal",240.000000000242,"2024-08-25 21:22:00","2024-08-26 01:22:00",54.68737,54.68783,7.26688154444444
"Sub-Optimal",210.000000000679,"2024-08-26 09:22:00","2024-08-26 12:52:00",54.68874,54.68914,7.25115
"Sub-Optimal",269.999999999806,"2024-08-26 21:52:00","2024-08-27 02:22:00",54.69017,54.69068,7.27875097
"Sub-Optimal",209.999999996944,"2024-08-27 10:22:00","2024-08-27 13:52:00",54.69159,54.69199,7.160110275
"Sub-Optimal",270.00000000354,"2024-08-27 22:52:00","2024-08-28 03:22:00",54.69302,54.69354,7.13087129
"Sub-Optimal",240.000000003977,"2024-08-28 10:52:00","2024-08-28 14:52:00",54.69439,54.69485,7.16120325555556
"Sub-Optimal",269.999999999806,"2024-08-28 23:52:00","2024-08-29 04:22:00",54.69588,54.69639,7.15867726
"Sub-Optimal",210.000000004413,"2024-08-29 12:22:00","2024-08-29 15:52:00",54.6973,54.6977,7.2094340375
"Sub-Optimal",209.999999996944,"2024-08-30 01:22:00","2024-08-30 04:52:00",54.69879,54.69919,7.2353103375
"Sub-Optimal",180.000000001115,"2024-08-30 13:52:00","2024-08-30 16:52:00",54.70021,54.70056,7.28889592857143
"Sub-Optimal",179.999999997381,"2024-08-31 02:52:00","2024-08-31 05:52:00",54.7017,54.70204,7.26283872857143
"Sub-Optimal",209.999999996944,"2024-08-31 14:22:00","2024-08-31 17:52:00",54.70301,54.70341,7.248951225
"Sub-Optimal",180.000000001115,"2024-09-01 03:22:00","2024-09-01 06:22:00",54.70449,54.70484,7.22022731428571
"Sub-Optimal",209.999999996944,"2024-09-01 14:52:00","2024-09-01 18:22:00",54.70581,54.70621,7.20393695
"Sub-Optimal",269.999999999806,"2024-09-02 02:52:00","2024-09-02 07:22:00",54.70718,54.70769,7.15930487
"Sub-Optimal",180.000000001115,"2024-09-02 16:22:00","2024-09-02 19:22:00",54.70872,54.70906,7.25252814285714
"Sub-Optimal",239.999999996508,"2024-09-03 03:52:00","2024-09-03 07:52:00",54.71003,54.71049,7.22275718888889
"Sub-Optimal",180.000000001115,"2024-09-03 17:22:00","2024-09-03 20:22:00",54.71157,54.71191,7.29439464285714
"Sub-Optimal",210.000000000679,"2024-09-04 05:22:00","2024-09-04 08:52:00",54.71294,54.71334,7.2842534875
"Sub-Optimal",150.000000001552,"2024-09-04 18:22:00","2024-09-04 20:52:00",54.71443,54.71471,7.32082645
"Sub-Optimal",210.000000000679,"2024-09-05 05:52:00","2024-09-05 09:22:00",54.71574,54.71614,7.29435525
"Sub-Optimal",119.999999998254,"2024-09-05 19:22:00","2024-09-05 21:22:00",54.71728,54.71751,7.31479098
"Sub-Optimal",179.999999997381,"2024-09-06 06:22:00","2024-09-06 09:22:00",54.71854,54.71888,7.29001821428571
"Sub-Optimal",120.000000001988,"2024-09-06 19:52:00","2024-09-06 21:52:00",54.72008,54.7203,7.26308922
"Sub-Optimal",149.999999997817,"2024-09-07 06:52:00","2024-09-07 09:22:00",54.72133,54.72162,7.26428298333333
"Sub-Optimal",119.999999998254,"2024-09-07 20:22:00","2024-09-07 22:22:00",54.72287,54.7231,7.27106916
"Sub-Optimal",209.999999996944,"2024-09-08 06:52:00","2024-09-08 10:22:00",54.72407,54.72447,7.240979425
"Sub-Optimal",180.000000001115,"2024-09-08 20:52:00","2024-09-08 23:52:00",54.72567,54.72601,7.26832168571429
"Sub-Optimal",180.000000001115,"2024-09-09 07:52:00","2024-09-09 10:52:00",54.72693,54.72727,7.25117435714286
"Sub-Optimal",149.999999997817,"2024-09-09 21:52:00","2024-09-10 00:22:00",54.72852,54.72881,7.27915258333333
"Sub-Optimal",209.999999996944,"2024-09-10 08:22:00","2024-09-10 11:52:00",54.72972,54.73012,7.2795611125
"Sub-Optimal",180.000000001115,"2024-09-10 22:22:00","2024-09-11 01:22:00",54.73132,54.73166,7.26225121428571
"Sub-Optimal",210.000000004413,"2024-09-11 09:22:00","2024-09-11 12:52:00",54.73258,54.73298,7.2878687875
"Sub-Optimal",150.000000001552,"2024-09-11 23:52:00","2024-09-12 02:22:00",54.73423,54.73452,7.27899596666667
"Sub-Optimal",180.000000001115,"2024-09-12 10:52:00","2024-09-12 13:52:00",54.73549,54.73583,7.27378054285714
"Sub-Optimal",149.999999994083,"2024-09-13 00:52:00","2024-09-13 03:22:00",54.73709,54.73737,7.27003893333333
"Sub-Optimal",150.000000001552,"2024-09-13 12:22:00","2024-09-13 14:52:00",54.7384,54.73868,7.23187461666667
"Sub-Optimal",150.000000001552,"2024-09-14 01:52:00","2024-09-14 04:22:00",54.73994,54.74022,7.2834464
"Sub-Optimal",179.999999997381,"2024-09-14 13:22:00","2024-09-14 16:22:00",54.74125,54.74159,7.25724992857143
"Sub-Optimal",180.000000001115,"2024-09-15 02:22:00","2024-09-15 05:22:00",54.74274,54.74308,7.23747827142857
"Sub-Optimal",180.000000001115,"2024-09-15 14:22:00","2024-09-15 17:22:00",54.74411,54.74445,7.27084132857143
"Sub-Optimal",180.000000001115,"2024-09-16 03:22:00","2024-09-16 06:22:00",54.74559,54.74593,7.28181152857143
"Sub-Optimal",180.000000001115,"2024-09-16 15:22:00","2024-09-16 18:22:00",54.74696,54.7473,7.23015927142857
"Sub-Optimal",210.000000000679,"2024-09-17 03:22:00","2024-09-17 06:52:00",54.74833,54.74873,7.257094025
"Sub-Optimal",240.000000000242,"2024-09-17 15:22:00","2024-09-17 19:22:00",54.7497,54.75016,7.25456805555556
"Sub-Optimal",210.000000000679,"2024-09-18 03:52:00","2024-09-18 07:22:00",54.75113,54.75153,7.2341141875
"Sub-Optimal",149.999999994083,"2024-09-18 17:22:00","2024-09-18 19:52:00",54.75267,54.75295,7.25424138333333
"Sub-Optimal",209.999999996944,"2024-09-19 04:22:00","2024-09-19 07:52:00",54.75392,54.75432,7.2655841375
"Sub-Optimal",150.000000005286,"2024-09-19 18:22:00","2024-09-19 20:52:00",54.75552,54.75581,7.26045645
"Sub-Optimal",180.000000001115,"2024-09-20 05:22:00","2024-09-20 08:22:00",54.75678,54.75712,7.30530768571429
"Sub-Optimal",119.999999998254,"2024-09-20 19:22:00","2024-09-20 21:22:00",54.75838,54.7586,7.28165684
"Sub-Optimal",180.000000001115,"2024-09-21 06:22:00","2024-09-21 09:22:00",54.75963,54.75997,7.29455614285714
"Sub-Optimal",89.9999999986903,"2024-09-21 20:52:00","2024-09-21 22:22:00",54.76129,54.76146,7.281210825
"Sub-Optimal",150.000000001552,"2024-09-22 07:22:00","2024-09-22 09:52:00",54.76248,54.76277,7.29409335
"Sub-Optimal",89.9999999986903,"2024-09-22 21:22:00","2024-09-22 22:52:00",54.76408,54.76425,7.2834634
"Sub-Optimal",119.999999998254,"2024-09-23 08:22:00","2024-09-23 10:22:00",54.76534,54.76557,7.28008126
"Sub-Optimal",90.0000000024249,"2024-09-23 22:22:00","2024-09-23 23:52:00",54.76694,54.76711,7.286778275
"Sub-Optimal",120.000000005723,"2024-09-24 09:22:00","2024-09-24 11:22:00",54.76819,54.76842,7.26675638
"Sub-Optimal",120.000000001988,"2024-09-24 22:52:00","2024-09-25 00:52:00",54.76973,54.76996,7.30492604
"Sub-Optimal",90.0000000024249,"2024-09-25 11:22:00","2024-09-25 12:52:00",54.77116,54.77133,7.1194595
"Sub-Optimal",180.000000001115,"2024-09-25 22:52:00","2024-09-26 01:52:00",54.77247,54.77282,7.17978201428571
"Sub-Optimal",149.999999997817,"2024-09-26 11:22:00","2024-09-26 13:52:00",54.7739,54.77419,7.1362341
"Sub-Optimal",269.999999999806,"2024-09-26 22:52:00","2024-09-27 03:22:00",54.77521,54.77573,7.08445986
"Sub-Optimal",269.999999999806,"2024-09-27 10:52:00","2024-09-27 15:22:00",54.77658,54.7771,6.97339737
"Sub-Optimal",269.999999999806,"2024-09-27 23:52:00","2024-09-28 04:22:00",54.77807,54.77858,7.02515259
"Sub-Optimal",240.000000000242,"2024-09-28 12:22:00","2024-09-28 16:22:00",54.77949,54.77995,7.13325795555556
"Sub-Optimal",209.999999996944,"2024-09-29 01:22:00","2024-09-29 04:52:00",54.78098,54.78138,7.1032887
"Sub-Optimal",240.000000000242,"2024-09-29 13:22:00","2024-09-29 17:22:00",54.78235,54.7828,7.13518103333333
"Sub-Optimal",240.000000003977,"2024-09-30 01:52:00","2024-09-30 05:52:00",54.78377,54.78423,7.1340456
"Sub-Optimal",210.000000000679,"2024-09-30 14:22:00","2024-09-30 17:52:00",54.7852,54.7856,7.20636905
"Sub-Optimal",209.999999996944,"2024-10-01 02:52:00","2024-10-01 06:22:00",54.78663,54.78703,7.1987961625
"Sub-Optimal",180.000000001115,"2024-10-01 15:22:00","2024-10-01 18:22:00",54.78806,54.7884,7.25754945714286
"Sub-Optimal",149.999999997817,"2024-10-02 03:52:00","2024-10-02 06:22:00",54.78948,54.78977,7.2357702
"Sub-Optimal",180.000000001115,"2024-10-02 16:22:00","2024-10-02 19:22:00",54.79091,54.79125,7.28073344285714
"Sub-Optimal",180.000000001115,"2024-10-03 04:22:00","2024-10-03 07:22:00",54.79228,54.79262,7.19307334285714
"Sub-Optimal",179.999999997381,"2024-10-03 16:52:00","2024-10-03 19:52:00",54.79371,54.79405,7.24768965714286
"Sub-Optimal",210.000000004413,"2024-10-04 04:52:00","2024-10-04 08:22:00",54.79508,54.79548,7.20904995
"Sub-Optimal",210.000000000679,"2024-10-04 17:22:00","2024-10-04 20:52:00",54.7965,54.7969,7.20230505
"Sub-Optimal",209.999999996944,"2024-10-05 05:22:00","2024-10-05 08:52:00",54.79787,54.79827,7.2136832
"Sub-Optimal",209.999999996944,"2024-10-05 17:52:00","2024-10-05 21:22:00",54.7993,54.7997,7.2052714
"Sub-Optimal",180.000000001115,"2024-10-06 05:52:00","2024-10-06 08:52:00",54.80067,54.80101,7.23869482857143
"Sub-Optimal",180.000000001115,"2024-10-06 18:52:00","2024-10-06 21:52:00",54.80215,54.8025,7.29220611428571
"Sub-Optimal",119.999999998254,"2024-10-07 07:22:00","2024-10-07 09:22:00",54.80358,54.80381,7.28937308
"Sub-Optimal",240.000000003977,"2024-10-07 18:22:00","2024-10-07 22:22:00",54.80484,54.80529,7.10017678888889
"Sub-Optimal",180.000000001115,"2024-10-08 06:52:00","2024-10-08 09:52:00",54.80626,54.80661,7.15690775714286
"Sub-Optimal",180.000000001115,"2024-10-08 19:52:00","2024-10-08 22:52:00",54.80775,54.80809,7.20598405714286
"Sub-Optimal",149.999999997817,"2024-10-09 08:22:00","2024-10-09 10:52:00",54.80917,54.80946,7.2079237
"Sub-Optimal",209.999999996944,"2024-10-09 20:52:00","2024-10-10 00:22:00",54.8106,54.811,7.2150499875
"Sub-Optimal",179.999999997381,"2024-10-10 08:52:00","2024-10-10 11:52:00",54.81197,54.81231,7.21701421428571
"Sub-Optimal",149.999999997817,"2024-10-10 23:22:00","2024-10-11 01:52:00",54.81363,54.81391,7.26511015
"Sub-Optimal",209.999999996944,"2024-10-11 09:52:00","2024-10-11 13:22:00",54.81482,54.81522,7.276532175
"Sub-Optimal",179.999999997381,"2024-10-11 23:52:00","2024-10-12 02:52:00",54.81642,54.81677,7.28953882857143
"Sub-Optimal",209.999999996944,"2024-10-12 11:22:00","2024-10-12 14:52:00",54.81774,54.81814,7.3056548625
"Sub-Optimal",180.000000001115,"2024-10-13 00:52:00","2024-10-13 03:52:00",54.81928,54.81962,7.27694891428571
"Sub-Optimal",119.999999998254,"2024-10-13 13:22:00","2024-10-13 15:22:00",54.8207,54.82093,7.36671664
"Sub-Optimal",120.000000001988,"2024-10-14 01:52:00","2024-10-14 03:52:00",54.82213,54.82236,7.32852216
"Sub-Optimal",180.000000001115,"2024-10-14 13:22:00","2024-10-14 16:22:00",54.82344,54.82379,7.31580341428571
"Sub-Optimal",179.999999997381,"2024-10-15 02:22:00","2024-10-15 05:22:00",54.82493,54.82527,7.30122457142857
"Sub-Optimal",90.0000000024249,"2024-10-15 16:22:00","2024-10-15 17:52:00",54.82653,54.8267,7.375318
"Sub-Optimal",180.000000001115,"2024-10-16 03:22:00","2024-10-16 06:22:00",54.82778,54.82812,7.33164345714286
"Sub-Optimal",120.000000005723,"2024-10-17 04:52:00","2024-10-17 06:52:00",54.83069,54.83092,7.36009382
"Sub-Optimal",60.0000000028615,"2024-10-18 06:22:00","2024-10-18 07:22:00",54.8336,54.83372,7.36639433333333
"Sub-Optimal",89.9999999986903,"2024-10-18 19:22:00","2024-10-18 20:52:00",54.83509,54.83526,7.34596695
"Sub-Optimal",150.000000001552,"2024-10-19 05:52:00","2024-10-19 08:22:00",54.83629,54.83657,7.31095493333333
"Sub-Optimal",90.0000000024249,"2024-10-19 20:22:00","2024-10-19 21:52:00",54.83794,54.83811,7.334279825
"Sub-Optimal",179.999999997381,"2024-10-20 06:22:00","2024-10-20 09:22:00",54.83908,54.83943,7.31693165714286
"Sub-Optimal",149.999999994083,"2024-10-20 20:22:00","2024-10-20 22:52:00",54.84068,54.84097,7.34344378333333
"Sub-Optimal",180.000000001115,"2024-10-21 07:22:00","2024-10-21 10:22:00",54.84194,54.84228,7.28854802857143
"Sub-Optimal",180.000000001115,"2024-10-21 20:22:00","2024-10-21 23:22:00",54.84342,54.84376,7.30014747142857
"Sub-Optimal",210.000000004413,"2024-10-22 07:52:00","2024-10-22 11:22:00",54.84473,54.84513,7.28036335
"Sub-Optimal",209.999999996944,"2024-10-22 20:52:00","2024-10-23 00:22:00",54.84622,54.84662,7.2730742625
"Sub-Optimal",119.999999998254,"2024-10-23 08:52:00","2024-10-23 10:52:00",54.84759,54.84782,7.26958025
"Sub-Optimal",180.000000001115,"2024-10-23 20:52:00","2024-10-23 23:52:00",54.84896,54.8493,7.25938865714286
"Sub-Optimal",180.000000001115,"2024-10-24 08:52:00","2024-10-24 11:52:00",54.85033,54.85067,7.30769525714286
"Sub-Optimal",59.9999999953923,"2024-10-26 00:52:00","2024-10-26 01:52:00",54.85489,54.85501,7.3545669
"Sub-Optimal",60.0000000028615,"2024-10-26 11:52:00","2024-10-26 12:52:00",54.85615,54.85626,7.37379706666667
"Sub-Optimal",89.9999999986903,"2024-10-30 03:22:00","2024-10-30 04:52:00",54.86614,54.86631,7.328025175
"Sub-Optimal",180.000000001115,"2024-10-31 02:52:00","2024-10-31 05:52:00",54.86882,54.86916,7.31105532857143
"Sub-Optimal",209.999999996944,"2024-11-01 02:52:00","2024-11-01 06:22:00",54.87156,54.87196,7.2804453875
"Sub-Optimal",90.0000000024249,"2024-11-01 17:53:00","2024-11-01 19:23:00",54.87327,54.87345,7.363872975
"Sub-Optimal",209.999999996944,"2024-11-02 03:23:00","2024-11-02 06:53:00",54.87436,54.87476,7.3008043125
"Sub-Optimal",89.9999999986903,"2024-11-03 05:53:00","2024-11-03 07:23:00",54.87738,54.87756,7.3395754
"Sub-Optimal",90.0000000024249,"2024-11-04 06:23:00","2024-11-04 07:53:00",54.88018,54.88035,7.375839475
"Sub-Optimal",119.999999998254,"2024-11-05 06:23:00","2024-11-05 08:23:00",54.88292,54.88315,7.35039264
"Sub-Optimal",210.000000000679,"2024-11-06 05:53:00","2024-11-06 09:23:00",54.8856,54.886,7.2608908
"Sub-Optimal",150.000000005286,"2024-11-06 20:23:00","2024-11-06 22:53:00",54.88726,54.88754,7.33556215
"Sub-Optimal",209.999999996944,"2024-11-07 06:53:00","2024-11-07 10:23:00",54.88846,54.88886,7.2619571
"Sub-Optimal",89.9999999986903,"2024-11-11 11:53:00","2024-11-11 13:23:00",54.89999,54.90016,7.3814583
"Sub-Optimal",119.999999998254,"2024-11-12 00:53:00","2024-11-12 02:53:00",54.90147,54.9017,7.33561412
"Sub-Optimal",NA,"2024-11-14 02:46:00",NA,54.90717,NA,NA
