"Sample_ID","Date_collected","Site","Lab_sample","Date_read1","pmarinus","haplo","Nematopsis1","General ciliates1","Notes","Date_read","Reader_1","Duplicate_read","Date_read2","P. marinus2","Haplosporidium2","Nematopsis2","General_ciliates2","Notes2","Reader_2","General_ciliates1","Notes1","...20","...21","...22","...23","...24","...25","...26","...27","...28","...29","...30","...31","...32"
"0723FENC_01",2023-07-12,"FENC",1,NA,1,0,TRUE,FALSE,NA,NA,NA,NA,NA,NA,NA,NA,NA,NA,NA,NA,NA,NA,NA,NA,NA,NA,NA,NA,NA,NA,NA,NA,NA,NA
"0723FENC_02",2023-07-12,"FENC",2,NA,0.5,0,TRUE,FALSE,"no gill top msx detection",NA,NA,NA,NA,NA,NA,NA,NA,NA,NA,NA,NA,NA,NA,NA,NA,NA,NA,NA,NA,NA,NA,NA,NA,NA
"0723FENC_03",2023-07-12,"FENC",3,NA,3,0,TRUE,FALSE,"little gill, prokaryotic inclusions",NA,NA,NA,NA,NA,NA,NA,NA,NA,NA,NA,NA,NA,NA,NA,NA,NA,NA,NA,NA,NA,NA,NA,NA,NA
"0723FENC_04",2023-07-12,"FENC",4,NA,3,0,TRUE,FALSE,NA,NA,NA,NA,NA,NA,NA,NA,NA,NA,NA,NA,NA,NA,NA,NA,NA,NA,NA,NA,NA,NA,NA,NA,NA,NA
"0723FENC_05",2023-07-12,"FENC",5,NA,0,0,TRUE,FALSE,NA,NA,NA,NA,NA,NA,NA,NA,NA,NA,NA,NA,NA,NA,NA,NA,NA,NA,NA,NA,NA,NA,NA,NA,NA,NA
"0723FENC_06",2023-07-12,"FENC",6,NA,0,0,TRUE,FALSE,NA,NA,NA,NA,NA,NA,NA,NA,NA,NA,NA,NA,NA,NA,NA,NA,NA,NA,NA,NA,NA,NA,NA,NA,NA,NA
"0723FENC_07",2023-07-12,"FENC",7,NA,0,0,TRUE,FALSE,NA,NA,NA,NA,NA,NA,NA,NA,NA,NA,NA,NA,NA,NA,NA,NA,NA,NA,NA,NA,NA,NA,NA,NA,NA,NA
"0723FENC_08",2023-07-12,"FENC",8,NA,0.5,0,TRUE,FALSE,NA,NA,NA,NA,NA,NA,NA,NA,NA,NA,NA,NA,NA,NA,NA,NA,NA,NA,NA,NA,NA,NA,NA,NA,NA,NA
"0723FENC_09",2023-07-12,"FENC",9,NA,3,0,TRUE,FALSE,NA,NA,NA,NA,NA,NA,NA,NA,NA,NA,NA,NA,NA,NA,NA,NA,NA,NA,NA,NA,NA,NA,NA,NA,NA,NA
"0723FENC_10",2023-07-12,"FENC",10,NA,0.5,0,TRUE,FALSE,NA,NA,NA,NA,NA,NA,NA,NA,NA,NA,NA,NA,NA,NA,NA,NA,NA,NA,NA,NA,NA,NA,NA,NA,NA,NA
"0723FENC_11",2023-07-12,"FENC",11,NA,0,0,TRUE,TRUE,NA,NA,NA,NA,NA,NA,NA,NA,NA,NA,NA,NA,NA,NA,NA,NA,NA,NA,NA,NA,NA,NA,NA,NA,NA,NA
"0723FENC_12",2023-07-12,"FENC",12,NA,3,0,TRUE,FALSE,NA,NA,NA,NA,NA,NA,NA,NA,NA,NA,NA,NA,NA,NA,NA,NA,NA,NA,NA,NA,NA,NA,NA,NA,NA,NA
"0723FENC_13",2023-07-12,"FENC",13,NA,0,0,TRUE,FALSE,NA,NA,NA,NA,NA,NA,NA,NA,NA,NA,NA,NA,NA,NA,NA,NA,NA,NA,NA,NA,NA,NA,NA,NA,NA,NA
"0723FENC_14",2023-07-12,"FENC",14,NA,0,0,TRUE,TRUE,NA,NA,NA,NA,NA,NA,NA,NA,NA,NA,NA,NA,NA,NA,NA,NA,NA,NA,NA,NA,NA,NA,NA,NA,NA,NA
"0723FENC_15",2023-07-12,"FENC",15,NA,0,0,TRUE,TRUE,NA,NA,NA,NA,NA,NA,NA,NA,NA,NA,NA,NA,NA,NA,NA,NA,NA,NA,NA,NA,NA,NA,NA,NA,NA,NA
"0723FENC_16",2023-07-12,"FENC",16,NA,3,0,TRUE,FALSE,"giant damaged egg, elevated ceroid/hemocytes",NA,NA,NA,NA,NA,NA,NA,NA,NA,NA,NA,NA,NA,NA,NA,NA,NA,NA,NA,NA,NA,NA,NA,NA,NA
"0723FENC_17",2023-07-12,"FENC",17,NA,3,0,TRUE,FALSE,"little gill",NA,NA,NA,NA,NA,NA,NA,NA,NA,NA,NA,NA,NA,NA,NA,NA,NA,NA,NA,NA,NA,NA,NA,NA,NA
"0723FENC_18",2023-07-12,"FENC",18,NA,0,0,TRUE,FALSE,NA,NA,NA,NA,NA,NA,NA,NA,NA,NA,NA,NA,NA,NA,NA,NA,NA,NA,NA,NA,NA,NA,NA,NA,NA,NA
"0723FENC_19",2023-07-12,"FENC",19,NA,0.5,0,TRUE,FALSE,NA,NA,NA,NA,NA,NA,NA,NA,NA,NA,NA,NA,NA,NA,NA,NA,NA,NA,NA,NA,NA,NA,NA,NA,NA,NA
"0723FENC_20",2023-07-12,"FENC",20,NA,0.5,1,TRUE,FALSE,NA,NA,NA,NA,NA,NA,NA,NA,NA,NA,NA,NA,NA,NA,NA,NA,NA,NA,NA,NA,NA,NA,NA,NA,NA,NA
"0723FENC_21",2023-07-12,"FENC",21,NA,3,0,TRUE,FALSE,NA,NA,NA,NA,NA,NA,NA,NA,NA,NA,NA,NA,NA,NA,NA,NA,NA,NA,NA,NA,NA,NA,NA,NA,NA,NA
"0723FENC_22",2023-07-12,"FENC",22,NA,3,0,TRUE,FALSE,NA,NA,NA,NA,NA,NA,NA,NA,NA,NA,NA,NA,NA,NA,NA,NA,NA,NA,NA,NA,NA,NA,NA,NA,NA,NA
"0723FENC_23",2023-07-12,"FENC",23,NA,0.5,0,TRUE,FALSE,"prokaryotic inclusions",NA,NA,NA,NA,NA,NA,NA,NA,NA,NA,NA,NA,NA,NA,NA,NA,NA,NA,NA,NA,NA,NA,NA,NA,NA
"0723FENC_24",2023-07-12,"FENC",24,NA,0,0,TRUE,FALSE,"viral gametocytic hypertrophy",NA,NA,NA,NA,NA,NA,NA,NA,NA,NA,NA,NA,NA,NA,NA,NA,NA,NA,NA,NA,NA,NA,NA,NA,NA
"0723FENC_25",2023-07-12,"FENC",25,NA,0,0,TRUE,FALSE,"viral gametocytic hypertrophy",NA,NA,NA,NA,NA,NA,NA,NA,NA,NA,NA,NA,NA,NA,NA,NA,NA,NA,NA,NA,NA,NA,NA,NA,NA
"0723FENC_26",2023-07-12,"FENC",26,NA,2,0,TRUE,FALSE,NA,NA,NA,NA,NA,NA,NA,NA,NA,NA,NA,NA,NA,NA,NA,NA,NA,NA,NA,NA,NA,NA,NA,NA,NA,NA
"0723FENC_27",2023-07-12,"FENC",27,NA,0.5,0,TRUE,TRUE,NA,NA,NA,NA,NA,NA,NA,NA,NA,NA,NA,NA,NA,NA,NA,NA,NA,NA,NA,NA,NA,NA,NA,NA,NA,NA
"0723FENC_28",2023-07-12,"FENC",28,NA,3,0,TRUE,FALSE,"nematode",NA,NA,NA,NA,NA,NA,NA,NA,NA,NA,NA,NA,NA,NA,NA,NA,NA,NA,NA,NA,NA,NA,NA,NA,NA
"0723FENC_29",2023-07-12,"FENC",29,NA,0.5,0,TRUE,FALSE,NA,NA,NA,NA,NA,NA,NA,NA,NA,NA,NA,NA,NA,NA,NA,NA,NA,NA,NA,NA,NA,NA,NA,NA,NA,NA
"0723FENC_30",2023-07-12,"FENC",30,NA,0.5,0,TRUE,FALSE,NA,NA,NA,NA,NA,NA,NA,NA,NA,NA,NA,NA,NA,NA,NA,NA,NA,NA,NA,NA,NA,NA,NA,NA,NA,NA
"0724ASHC_01",2023-07-12,"ASHC",1,NA,0,0,TRUE,FALSE,NA,"1/28/2026","LMB",NA,NA,NA,NA,NA,NA,NA,NA,NA,NA,NA,NA,NA,NA,NA,NA,NA,NA,NA,NA,NA,NA,NA
"0724ASHC_02",2023-07-12,"ASHC",2,NA,3,0,TRUE,FALSE,NA,"1/28/2026","KJL",NA,NA,NA,NA,NA,NA,NA,NA,NA,NA,NA,NA,NA,NA,NA,NA,NA,NA,NA,NA,NA,NA,NA
"0724ASHC_03",2023-07-12,"ASHC",3,NA,3,0,TRUE,TRUE,"Spheno","1/28/2026","SND",NA,NA,NA,NA,NA,NA,NA,NA,NA,NA,NA,NA,NA,NA,NA,NA,NA,NA,NA,NA,NA,NA,NA
"0724ASHC_04",2023-07-12,"ASHC",4,NA,3,0,TRUE,FALSE,NA,"1/28/2026","LMB",NA,NA,NA,NA,NA,NA,NA,NA,NA,NA,NA,NA,NA,NA,NA,NA,NA,NA,NA,NA,NA,NA,NA
"0724ASHC_05",2023-07-12,"ASHC",5,NA,3,0,FALSE,TRUE,"Spheno, prokaryotic inclusion","1/28/2026","LMB",NA,NA,NA,NA,NA,NA,NA,NA,NA,NA,NA,NA,NA,NA,NA,NA,NA,NA,NA,NA,NA,NA,NA
"0724ASHC_06",2023-07-12,"ASHC",6,NA,3,0,TRUE,FALSE,NA,"1/28/2026","MLK",NA,NA,NA,NA,NA,NA,NA,NA,NA,NA,NA,NA,NA,NA,NA,NA,NA,NA,NA,NA,NA,NA,NA
"0724ASHC_07",2023-07-12,"ASHC",7,NA,0.5,0,TRUE,FALSE,"Prokaryotic inclusion","1/28/2026","KJL",NA,NA,NA,NA,NA,NA,NA,NA,NA,NA,NA,NA,NA,NA,NA,NA,NA,NA,NA,NA,NA,NA,NA
"0724ASHC_08",2023-07-12,"ASHC",8,NA,3,0,TRUE,TRUE,"Spheno, prokaryotic inclusion","1/28/2026","LMB",NA,NA,NA,NA,NA,NA,NA,NA,NA,NA,NA,NA,NA,NA,NA,NA,NA,NA,NA,NA,NA,NA,NA
"0724ASHC_09",2023-07-12,"ASHC",9,NA,1,0,TRUE,FALSE,NA,"1/28/2026","LMB",NA,NA,NA,NA,NA,NA,NA,NA,NA,NA,NA,NA,NA,NA,NA,NA,NA,NA,NA,NA,NA,NA,NA
"0724ASHC_10",2023-07-12,"ASHC",10,NA,3,0,TRUE,TRUE,"Spheno","1/28/2026","LMB",NA,NA,NA,NA,NA,NA,NA,NA,NA,NA,NA,NA,NA,NA,NA,NA,NA,NA,NA,NA,NA,NA,NA
"0724ASHC_11",2023-07-12,"ASHC",11,NA,2,0,TRUE,FALSE,NA,"1/28/2026","KJL",NA,NA,NA,NA,NA,NA,NA,NA,NA,NA,NA,NA,NA,NA,NA,NA,NA,NA,NA,NA,NA,NA,NA
"0724ASHC_12",2023-07-12,"ASHC",12,NA,0.5,0,TRUE,TRUE,"Spheno","1/28/2026","SND",NA,NA,NA,NA,NA,NA,NA,NA,NA,NA,NA,NA,NA,NA,NA,NA,NA,NA,NA,NA,NA,NA,NA
"0724ASHC_13",2023-07-12,"ASHC",13,NA,0.5,0,TRUE,FALSE,NA,"1/28/2026","MLK",NA,NA,NA,NA,NA,NA,NA,NA,NA,NA,NA,NA,NA,NA,NA,NA,NA,NA,NA,NA,NA,NA,NA
"0724ASHC_14",2023-07-12,"ASHC",14,NA,0.5,0,TRUE,TRUE,"Spheno","1/28/2026","LMB",NA,NA,NA,NA,NA,NA,NA,NA,NA,NA,NA,NA,NA,NA,NA,NA,NA,NA,NA,NA,NA,NA,NA
"0724ASHC_15",2023-07-12,"ASHC",15,NA,0,0,TRUE,FALSE,NA,"1/28/2026","MLK",NA,NA,NA,NA,NA,NA,NA,NA,NA,NA,NA,NA,NA,NA,NA,NA,NA,NA,NA,NA,NA,NA,NA
"0724ASHC_16",2023-07-12,"ASHC",16,NA,0.5,0,TRUE,FALSE,"Prokaryotic inclusion","1/28/2026","SND",NA,NA,NA,NA,NA,NA,NA,NA,NA,NA,NA,NA,NA,NA,NA,NA,NA,NA,NA,NA,NA,NA,NA
"0724ASHC_17",2023-07-12,"ASHC",17,NA,0,0,TRUE,FALSE,NA,"1/28/2026","KJL",NA,NA,NA,NA,NA,NA,NA,NA,NA,NA,NA,NA,NA,NA,NA,NA,NA,NA,NA,NA,NA,NA,NA
"0724ASHC_18",2023-07-12,"ASHC",18,NA,1,0,TRUE,TRUE,"Spheno","2/2/2026","KJL",NA,NA,NA,NA,NA,NA,NA,NA,NA,NA,NA,NA,NA,NA,NA,NA,NA,NA,NA,NA,NA,NA,NA
"0724ASHC_19",2023-07-12,"ASHC",19,NA,0.5,0,TRUE,FALSE,NA,"2/2/2026","SND",NA,NA,NA,NA,NA,NA,NA,NA,NA,NA,NA,NA,NA,NA,NA,NA,NA,NA,NA,NA,NA,NA,NA
"0724ASHC_20",2023-07-12,"ASHC",20,NA,0,0,TRUE,TRUE,"Spheno","2/2/2026","MLK",NA,NA,NA,NA,NA,NA,NA,NA,NA,NA,NA,NA,NA,NA,NA,NA,NA,NA,NA,NA,NA,NA,NA
"0724ASHC_21",2023-07-12,"ASHC",21,NA,1,0,FALSE,FALSE,NA,"2/2/2026","MLK",NA,NA,NA,NA,NA,NA,NA,NA,NA,NA,NA,NA,NA,NA,NA,NA,NA,NA,NA,NA,NA,NA,NA
"0724ASHC_22",2023-07-12,"ASHC",22,NA,0,0,TRUE,FALSE,NA,"2/2/2026","KJL",NA,NA,NA,NA,NA,NA,NA,NA,NA,NA,NA,NA,NA,NA,NA,NA,NA,NA,NA,NA,NA,NA,NA
"0724ASHC_23",2023-07-12,"ASHC",23,NA,3,0,TRUE,FALSE,NA,"2/2/2026","SND",NA,NA,NA,NA,NA,NA,NA,NA,NA,NA,NA,NA,NA,NA,NA,NA,NA,NA,NA,NA,NA,NA,NA
"0724ASHC_24",2023-07-12,"ASHC",24,NA,0,0,TRUE,FALSE,NA,"2/2/2026","MLK",NA,NA,NA,NA,NA,NA,NA,NA,NA,NA,NA,NA,NA,NA,NA,NA,NA,NA,NA,NA,NA,NA,NA
"0724ASHC_25",2023-07-12,"ASHC",25,NA,1,0,TRUE,FALSE,NA,"2/2/2026","MLK",NA,NA,NA,NA,NA,NA,NA,NA,NA,NA,NA,NA,NA,NA,NA,NA,NA,NA,NA,NA,NA,NA,NA
"0724ASHC_26",2023-07-12,"ASHC",26,NA,3,0,TRUE,TRUE,"Spheno","2/2/2026","SND",NA,NA,NA,NA,NA,NA,NA,NA,NA,NA,NA,NA,NA,NA,NA,NA,NA,NA,NA,NA,NA,NA,NA
"0724ASHC_27",2023-07-12,"ASHC",27,NA,0,0,TRUE,TRUE,"Spheno","2/2/2026","KJL",NA,NA,NA,NA,NA,NA,NA,NA,NA,NA,NA,NA,NA,NA,NA,NA,NA,NA,NA,NA,NA,NA,NA
"0724ASHC_28",2023-07-12,"ASHC",28,NA,0,0,TRUE,FALSE,NA,"2/2/2026","KJL",NA,NA,NA,NA,NA,NA,NA,NA,NA,NA,NA,NA,NA,NA,NA,NA,NA,NA,NA,NA,NA,NA,NA
"0724ASHC_29",2023-07-12,"ASHC",29,NA,3,0,TRUE,TRUE,"Spheno","2/2/2026","SND",NA,NA,NA,NA,NA,NA,NA,NA,NA,NA,NA,NA,NA,NA,NA,NA,NA,NA,NA,NA,NA,NA,NA
"0724ASHC_30",2023-07-12,"ASHC",30,NA,0,0,TRUE,FALSE,NA,"2/2/2026","MLK",NA,NA,NA,NA,NA,NA,NA,NA,NA,NA,NA,NA,NA,NA,NA,NA,NA,NA,NA,NA,NA,NA,NA
"0724GOLD_01",2024-07-22,"GOLD",1,"07-22-2026",3,1,FALSE,NA,NA,NA,"SND",NA,NA,NA,NA,NA,NA,NA,NA,FALSE,"little to no gill",NA,NA,NA,NA,NA,NA,NA,NA,NA,NA,NA,NA,NA
"0724GOLD_02",2024-07-22,"GOLD",2,"07-22-2026",0.5,1,FALSE,NA,NA,NA,"LMB",NA,NA,NA,NA,NA,NA,NA,NA,TRUE,"spheno",NA,NA,NA,NA,NA,NA,NA,NA,NA,NA,NA,NA,NA
"0724GOLD_03",2024-07-22,"GOLD",3,"07-22-2026",0.5,0,FALSE,NA,NA,NA,"KJL",NA,NA,NA,NA,NA,NA,NA,NA,FALSE,NA,NA,NA,NA,NA,NA,NA,NA,NA,NA,NA,NA,NA,NA
"0724GOLD_04",2024-07-22,"GOLD",4,"07-22-2026",0,0,FALSE,NA,NA,NA,"MLK",NA,NA,NA,NA,NA,NA,NA,NA,FALSE,NA,NA,NA,NA,NA,NA,NA,NA,NA,NA,NA,NA,NA,NA
"0724GOLD_05",2024-07-22,"GOLD",5,"07-22-2026",0,2,FALSE,NA,NA,NA,"MLK",NA,NA,NA,NA,NA,NA,NA,NA,FALSE,NA,NA,NA,NA,NA,NA,NA,NA,NA,NA,NA,NA,NA,NA
"0724GOLD_06",2024-07-22,"GOLD",6,"07-22-2026",2,0,TRUE,NA,NA,NA,"SND",NA,NA,NA,NA,NA,NA,NA,NA,TRUE,"spheno",NA,NA,NA,NA,NA,NA,NA,NA,NA,NA,NA,NA,NA
"0724GOLD_07",2024-07-22,"GOLD",7,"07-22-2026",0,2,FALSE,NA,NA,NA,"LMB",NA,NA,NA,NA,NA,NA,NA,NA,FALSE,NA,NA,NA,NA,NA,NA,NA,NA,NA,NA,NA,NA,NA,NA
"0724GOLD_08",2024-07-22,"GOLD",8,"07-22-2026",0.5,0,FALSE,NA,NA,NA,"KJL",NA,NA,NA,NA,NA,NA,NA,NA,FALSE,"little gill tissue",NA,NA,NA,NA,NA,NA,NA,NA,NA,NA,NA,NA,NA
"0724GOLD_09",2024-07-22,"GOLD",9,"07-22-2026",0.5,0,FALSE,NA,NA,NA,"LMB",NA,NA,NA,NA,NA,NA,NA,NA,FALSE,NA,NA,NA,NA,NA,NA,NA,NA,NA,NA,NA,NA,NA,NA
"0724GOLD_10",2024-07-22,"GOLD",10,"07-22-2026",0,0,FALSE,NA,NA,NA,"MLK",NA,NA,NA,NA,NA,NA,NA,NA,FALSE,NA,NA,NA,NA,NA,NA,NA,NA,NA,NA,NA,NA,NA,NA
"0724GOLD_11",2024-07-22,"GOLD",11,"07-22-2026",3,0,FALSE,NA,NA,NA,"KJL",NA,NA,NA,NA,NA,NA,NA,NA,FALSE,NA,NA,NA,NA,NA,NA,NA,NA,NA,NA,NA,NA,NA,NA
"0724GOLD_12",2024-07-22,"GOLD",12,"07-22-2026",3,0,FALSE,NA,NA,NA,"LMB",NA,NA,NA,NA,NA,NA,NA,NA,FALSE,"little gill",NA,NA,NA,NA,NA,NA,NA,NA,NA,NA,NA,NA,NA
"0724GOLD_13",2024-07-22,"GOLD",13,"07-22-2026",1,0,FALSE,NA,NA,NA,"SND",NA,NA,NA,NA,NA,NA,NA,NA,TRUE,NA,NA,NA,NA,NA,NA,NA,NA,NA,NA,NA,NA,NA,NA
"0724GOLD_14",2024-07-22,"GOLD",14,"07-22-2026",0.5,1,FALSE,NA,NA,NA,"LMB",NA,NA,NA,NA,NA,NA,NA,NA,FALSE,NA,NA,NA,NA,NA,NA,NA,NA,NA,NA,NA,NA,NA,NA
"0724GOLD_15",2024-07-22,"GOLD",15,"07-28-2026",0.5,0,FALSE,NA,NA,NA,"SND",NA,NA,NA,NA,NA,NA,NA,NA,TRUE,"spheno",NA,NA,NA,NA,NA,NA,NA,NA,NA,NA,NA,NA,NA
"0724GOLD_16",2024-07-22,"GOLD",16,"07-28-2026",0.5,0,FALSE,NA,NA,NA,"MLK",NA,NA,NA,NA,NA,NA,NA,NA,FALSE,NA,NA,NA,NA,NA,NA,NA,NA,NA,NA,NA,NA,NA,NA
"0724GOLD_17",2024-07-22,"GOLD",17,"07-28-2026",0.5,0,FALSE,NA,NA,NA,"KJL",NA,NA,NA,NA,NA,NA,NA,NA,TRUE,"spheno",NA,NA,NA,NA,NA,NA,NA,NA,NA,NA,NA,NA,NA
"0724GOLD_18",2024-07-22,"GOLD",18,"07-28-2026",0.5,2,FALSE,NA,NA,NA,"KJL",NA,NA,NA,NA,NA,NA,NA,NA,FALSE,NA,NA,NA,NA,NA,NA,NA,NA,NA,NA,NA,NA,NA,NA
"0724GOLD_19",2024-07-22,"GOLD",19,"07-28-2026",0,0,FALSE,NA,NA,NA,"MLK",NA,NA,NA,NA,NA,NA,NA,NA,TRUE,"spheno",NA,NA,NA,NA,NA,NA,NA,NA,NA,NA,NA,NA,NA
"0724GOLD_20",2024-07-22,"GOLD",20,"07-28-2026",0.5,0,FALSE,NA,NA,NA,"SND",NA,NA,NA,NA,NA,NA,NA,NA,FALSE,NA,NA,NA,NA,NA,NA,NA,NA,NA,NA,NA,NA,NA,NA
"0724GOLD_21",2024-07-22,"GOLD",21,"07-28-2026",0.5,2,FALSE,NA,NA,NA,"KJL",NA,NA,NA,NA,NA,NA,NA,NA,FALSE,NA,NA,NA,NA,NA,NA,NA,NA,NA,NA,NA,NA,NA,NA
"0724GOLD_22",2024-07-22,"GOLD",22,"07-28-2026",0,0,FALSE,NA,NA,NA,"MLK",NA,NA,NA,NA,NA,NA,NA,NA,TRUE,"spheno",NA,NA,NA,NA,NA,NA,NA,NA,NA,NA,NA,NA,NA
"0724GOLD_23",2024-07-22,"GOLD",23,"07-28-2026",1,1,TRUE,NA,NA,NA,"SND",NA,NA,NA,NA,NA,NA,NA,NA,TRUE,"spheno,  prokaryotic inclusion",NA,NA,NA,NA,NA,NA,NA,NA,NA,NA,NA,NA,NA
"0724GOLD_24",2024-07-22,"GOLD",24,"07-28-2026",0.5,0,FALSE,NA,NA,NA,"KJL",NA,NA,NA,NA,NA,NA,NA,NA,FALSE,NA,NA,NA,NA,NA,NA,NA,NA,NA,NA,NA,NA,NA,NA
"0724GOLD_25",2024-07-22,"GOLD",25,"07-28-2026",0,0,FALSE,NA,NA,NA,"MLK",NA,NA,NA,NA,NA,NA,NA,NA,FALSE,"poorly cut",NA,NA,NA,NA,NA,NA,NA,NA,NA,NA,NA,NA,NA
"0724GOLD_26",2024-07-22,"GOLD",26,"07-28-2026",0.5,0,FALSE,NA,NA,NA,"SND",NA,NA,NA,NA,NA,NA,NA,NA,TRUE,"spheno",NA,NA,NA,NA,NA,NA,NA,NA,NA,NA,NA,NA,NA
"0724GOLD_27",2024-07-22,"GOLD",27,"07-28-2026",0.5,4,FALSE,NA,NA,NA,"KJL",NA,NA,NA,NA,NA,NA,NA,NA,FALSE,NA,NA,NA,NA,NA,NA,NA,NA,NA,NA,NA,NA,NA,NA
"0724GOLD_28",2024-07-22,"GOLD",28,"07-28-2026",1,0,FALSE,NA,NA,NA,"SND",NA,NA,NA,NA,NA,NA,NA,NA,TRUE,"spheno",NA,NA,NA,NA,NA,NA,NA,NA,NA,NA,NA,NA,NA
"0725GOLD_01",2025-07-29,"GOLD",1,"02-02-2026",0.5,2,FALSE,NA,NA,NA,"LMB",NA,NA,NA,NA,NA,NA,NA,NA,FALSE,NA,NA,NA,NA,NA,NA,NA,NA,NA,NA,NA,NA,NA,NA
"0725GOLD_02",2025-07-29,"GOLD",2,"02-02-2026",4,1,FALSE,NA,NA,NA,"LMB",NA,NA,NA,NA,NA,NA,NA,NA,FALSE,NA,NA,NA,NA,NA,NA,NA,NA,NA,NA,NA,NA,NA,NA
"0725GOLD_03",2025-07-29,"GOLD",3,"02-02-2026",0.5,1,FALSE,NA,NA,NA,"LMB",NA,NA,NA,NA,NA,NA,NA,NA,TRUE,"spheno",NA,NA,NA,NA,NA,NA,NA,NA,NA,NA,NA,NA,NA
"0725GOLD_04",2025-07-29,"GOLD",4,"02-02-2026",0.5,0,FALSE,NA,NA,NA,"LMB",NA,NA,NA,NA,NA,NA,NA,NA,FALSE,"systemic hemocytosis with little apparent reason",NA,NA,NA,NA,NA,NA,NA,NA,NA,NA,NA,NA,NA
"0725GOLD_05",2025-07-29,"GOLD",5,"02-02-2026",0.5,0,FALSE,NA,NA,NA,"LMB",NA,NA,NA,NA,NA,NA,NA,NA,TRUE,"spheno",NA,NA,NA,NA,NA,NA,NA,NA,NA,NA,NA,NA,NA
"0725GOLD_06",2025-07-29,"GOLD",6,"02-02-2026",0.5,1,FALSE,NA,NA,NA,"LMB",NA,NA,NA,NA,NA,NA,NA,NA,FALSE,NA,NA,NA,NA,NA,NA,NA,NA,NA,NA,NA,NA,NA,NA
"0725GOLD_07",2025-07-29,"GOLD",7,"02-02-2026",0.5,0,FALSE,NA,NA,NA,"LMB",NA,NA,NA,NA,NA,NA,NA,NA,TRUE,"spheno",NA,NA,NA,NA,NA,NA,NA,NA,NA,NA,NA,NA,NA
"0725GOLD_08",2025-07-29,"GOLD",8,"02-02-2026",0,1,FALSE,NA,NA,NA,"LMB",NA,NA,NA,NA,NA,NA,NA,NA,FALSE,NA,NA,NA,NA,NA,NA,NA,NA,NA,NA,NA,NA,NA,NA
"0725GOLD_09",2025-07-29,"GOLD",9,"02-02-2026",0,2,FALSE,NA,NA,NA,"LMB",NA,NA,NA,NA,NA,NA,NA,NA,FALSE,NA,NA,NA,NA,NA,NA,NA,NA,NA,NA,NA,NA,NA,NA
"0725GOLD_10",2025-07-29,"GOLD",10,"02-02-2026",0.5,1,FALSE,NA,NA,NA,"LMB",NA,NA,NA,NA,NA,NA,NA,NA,FALSE,NA,NA,NA,NA,NA,NA,NA,NA,NA,NA,NA,NA,NA,NA
"0725GOLD_11",2025-07-29,"GOLD",11,"02-02-2026",0,0,FALSE,NA,NA,NA,"KJL",NA,NA,NA,NA,NA,NA,NA,NA,TRUE,"spheno",NA,NA,NA,NA,NA,NA,NA,NA,NA,NA,NA,NA,NA
"0725GOLD_12",2025-07-29,"GOLD",12,"02-02-2026",0.5,0,FALSE,NA,NA,NA,"MLK",NA,NA,NA,NA,NA,NA,NA,NA,FALSE,NA,NA,NA,NA,NA,NA,NA,NA,NA,NA,NA,NA,NA,NA
"0725GOLD_13",2025-07-29,"GOLD",13,"02-02-2026",0,0,FALSE,NA,NA,NA,"KJL",NA,NA,NA,NA,NA,NA,NA,NA,FALSE,NA,NA,NA,NA,NA,NA,NA,NA,NA,NA,NA,NA,NA,NA
"0725GOLD_14",2025-07-29,"GOLD",14,"02-02-2026",0,0,FALSE,NA,NA,NA,"SND",NA,NA,NA,NA,NA,NA,NA,NA,FALSE,NA,NA,NA,NA,NA,NA,NA,NA,NA,NA,NA,NA,NA,NA
"0725GOLD_15",2025-07-29,"GOLD",15,"02-02-2026",0,0,FALSE,NA,NA,NA,"MLK",NA,NA,NA,NA,NA,NA,NA,NA,FALSE,NA,NA,NA,NA,NA,NA,NA,NA,NA,NA,NA,NA,NA,NA
"0725GOLD_16",2025-07-29,"GOLD",16,"02-04-2026",0.5,2,FALSE,NA,NA,NA,"KJL",NA,NA,NA,NA,NA,NA,NA,NA,TRUE,"repro score 6 male - 100+ haplo cells only in gills; 1 perkinsus cell spheno",NA,NA,NA,NA,NA,NA,NA,NA,NA,NA,NA,NA,NA
"0725GOLD_17",2025-07-29,"GOLD",17,"02-04-2026",1,0,FALSE,NA,NA,NA,"MLK",NA,NA,NA,NA,NA,NA,NA,NA,FALSE,NA,NA,NA,NA,NA,NA,NA,NA,NA,NA,NA,NA,NA,NA
"0725GOLD_18",2025-07-29,"GOLD",18,"02-04-2026",0.5,0,FALSE,NA,NA,NA,"KJL",NA,NA,NA,NA,NA,NA,NA,NA,FALSE,NA,NA,NA,NA,NA,NA,NA,NA,NA,NA,NA,NA,NA,NA
"0725GOLD_19",2025-07-29,"GOLD",19,"02-04-2026",0,0,FALSE,NA,NA,NA,"MLK",NA,NA,NA,NA,NA,NA,NA,NA,FALSE,"no gills present",NA,NA,NA,NA,NA,NA,NA,NA,NA,NA,NA,NA,NA
"0725GOLD_20",2025-07-29,"GOLD",20,"02-04-2026",0,1,FALSE,NA,NA,NA,"KJL",NA,NA,NA,NA,NA,NA,NA,NA,TRUE,"spheno",NA,NA,NA,NA,NA,NA,NA,NA,NA,NA,NA,NA,NA
"0725GOLD_21",2025-07-29,"GOLD",21,"02-04-2026",0.5,0,FALSE,NA,NA,NA,"MLK",NA,NA,NA,NA,NA,NA,NA,NA,FALSE,NA,NA,NA,NA,NA,NA,NA,NA,NA,NA,NA,NA,NA,NA
"0725GOLD_22",2025-07-29,"GOLD",22,"02-04-2026",1,0,FALSE,NA,NA,NA,"MLK",NA,NA,NA,NA,NA,NA,NA,NA,FALSE,NA,NA,NA,NA,NA,NA,NA,NA,NA,NA,NA,NA,NA,NA
"0725GOLD_23",2025-07-29,"GOLD",23,"02-04-2026",0,1,FALSE,NA,NA,NA,"KJL",NA,NA,NA,NA,NA,NA,NA,NA,FALSE,"maybe 1 haplo cells found in connective tissue (check photo) - Lydia confirmed haplo cell",NA,NA,NA,NA,NA,NA,NA,NA,NA,NA,NA,NA,NA
"0725GOLD_24",2025-07-29,"GOLD",24,"02-18-2026",0.5,0,FALSE,NA,NA,NA,"MLK",NA,NA,NA,NA,NA,NA,NA,NA,FALSE,NA,NA,NA,NA,NA,NA,NA,NA,NA,NA,NA,NA,NA,NA
"0725GOLD_25",2025-07-29,"GOLD",25,"02-18-2026",3,0,TRUE,NA,NA,NA,"SND",NA,NA,NA,NA,NA,NA,NA,NA,FALSE,NA,NA,NA,NA,NA,NA,NA,NA,NA,NA,NA,NA,NA,NA
"0725GOLD_26",2025-07-29,"GOLD",26,"02-18-2026",0,0,FALSE,NA,NA,NA,"MLK",NA,NA,NA,NA,NA,NA,NA,NA,FALSE,"hemocytosis in gut,  not a good cut on gills",NA,NA,NA,NA,NA,NA,NA,NA,NA,NA,NA,NA,NA
"0725GOLD_27",2025-07-29,"GOLD",27,"02-18-2026",0,0,FALSE,NA,NA,NA,"MLK",NA,NA,NA,NA,NA,NA,NA,NA,FALSE,NA,NA,NA,NA,NA,NA,NA,NA,NA,NA,NA,NA,NA,NA
"0725GOLD_28",2025-07-29,"GOLD",28,"02-18-2026",2,0,FALSE,NA,NA,NA,"SND",NA,NA,NA,NA,NA,NA,NA,NA,FALSE,"little gills present",NA,NA,NA,NA,NA,NA,NA,NA,NA,NA,NA,NA,NA
"0725GOLD_29",2025-07-29,"GOLD",29,"02-18-2026",3,0,FALSE,NA,NA,NA,"SND",NA,NA,NA,NA,NA,NA,NA,NA,FALSE,NA,NA,NA,NA,NA,NA,NA,NA,NA,NA,NA,NA,NA,NA
"0725GOLD_30",2025-07-29,"GOLD",30,"02-18-2026",0,0,FALSE,NA,NA,NA,"MLK",NA,NA,NA,NA,NA,NA,NA,NA,FALSE,NA,NA,NA,NA,NA,NA,NA,NA,NA,NA,NA,NA,NA,NA
"0824GOLD_01",2024-08-14,"GOLD",1,"06-24-2026",0,0,FALSE,NA,NA,NA,"SND",NA,NA,NA,NA,NA,NA,NA,NA,TRUE,"spheno",NA,NA,NA,NA,NA,NA,NA,NA,NA,NA,NA,NA,NA
"0824GOLD_02",2024-08-14,"GOLD",2,"06-24-2026",0,2,FALSE,NA,NA,NA,"KJL",NA,NA,NA,NA,NA,NA,NA,NA,TRUE,"spheno",NA,NA,NA,NA,NA,NA,NA,NA,NA,NA,NA,NA,NA
"0824GOLD_03",2024-08-14,"GOLD",3,"06-24-2026",0,0,FALSE,NA,NA,NA,"MLK",NA,NA,NA,NA,NA,NA,NA,NA,FALSE,NA,NA,NA,NA,NA,NA,NA,NA,NA,NA,NA,NA,NA,NA
"0824GOLD_04",2024-08-14,"GOLD",4,"06-24-2026",0,0,FALSE,NA,NA,NA,"LMB",NA,NA,NA,NA,NA,NA,NA,NA,TRUE,"spheno",NA,NA,NA,NA,NA,NA,NA,NA,NA,NA,NA,NA,NA
"0824GOLD_05",2024-08-14,"GOLD",5,"06-24-2026",0.5,0,FALSE,NA,NA,NA,"MLK",NA,NA,NA,NA,NA,NA,NA,NA,FALSE,NA,NA,NA,NA,NA,NA,NA,NA,NA,NA,NA,NA,NA,NA
"0824GOLD_06",2024-08-14,"GOLD",6,"06-24-2026",0,4,FALSE,NA,NA,NA,"KJL",NA,NA,NA,NA,NA,NA,NA,NA,FALSE,NA,NA,NA,NA,NA,NA,NA,NA,NA,NA,NA,NA,NA,NA
"0824GOLD_07",2024-08-14,"GOLD",7,"06-24-2026",3,2,FALSE,NA,NA,NA,"LMB",NA,NA,NA,NA,NA,NA,NA,NA,FALSE,NA,NA,NA,NA,NA,NA,NA,NA,NA,NA,NA,NA,NA,NA
"0824GOLD_08",2024-08-14,"GOLD",8,"06-24-2026",1,0,FALSE,NA,NA,NA,"LMB",NA,NA,NA,NA,NA,NA,NA,NA,FALSE,NA,NA,NA,NA,NA,NA,NA,NA,NA,NA,NA,NA,NA,NA
"0824GOLD_09",2024-08-14,"GOLD",9,"06-24-2026",0,0,FALSE,NA,NA,NA,"SND",NA,NA,NA,NA,NA,NA,NA,NA,FALSE,NA,NA,NA,NA,NA,NA,NA,NA,NA,NA,NA,NA,NA,NA
"0824GOLD_10",2024-08-14,"GOLD",10,"06-24-2026",0.5,2,FALSE,NA,NA,NA,"KJL",NA,NA,NA,NA,NA,NA,NA,NA,FALSE,NA,NA,NA,NA,NA,NA,NA,NA,NA,NA,NA,NA,NA,NA
"0824GOLD_11",2024-08-14,"GOLD",11,"06-24-2026",0.5,2,FALSE,NA,NA,NA,"LMB",NA,NA,NA,NA,NA,NA,NA,NA,FALSE,NA,NA,NA,NA,NA,NA,NA,NA,NA,NA,NA,NA,NA,NA
"0824GOLD_12",2024-08-14,"GOLD",12,"06-24-2026",1,2,FALSE,NA,NA,NA,"SND",NA,NA,NA,NA,NA,NA,NA,NA,FALSE,NA,NA,NA,NA,NA,NA,NA,NA,NA,NA,NA,NA,NA,NA
"0824GOLD_13",2024-08-14,"GOLD",13,"06-24-2026",0,1,FALSE,NA,NA,NA,"MLK",NA,NA,NA,NA,NA,NA,NA,NA,FALSE,NA,NA,NA,NA,NA,NA,NA,NA,NA,NA,NA,NA,NA,NA
"0824GOLD_14",2024-08-14,"GOLD",14,"06-24-2026",0.5,2,FALSE,NA,NA,NA,"LMB",NA,NA,NA,NA,NA,NA,NA,NA,FALSE,NA,NA,NA,NA,NA,NA,NA,NA,NA,NA,NA,NA,NA,NA
"0824GOLD_15",2024-08-14,"GOLD",15,"06-24-2026",0.5,1,FALSE,NA,NA,NA,"KJL",NA,NA,NA,NA,NA,NA,NA,NA,FALSE,NA,NA,NA,NA,NA,NA,NA,NA,NA,NA,NA,NA,NA,NA
"0824GOLD_16",2024-08-14,"GOLD",16,"06-24-2026",0,1,FALSE,NA,NA,NA,"LMB",NA,NA,NA,NA,NA,NA,NA,NA,FALSE,NA,NA,NA,NA,NA,NA,NA,NA,NA,NA,NA,NA,NA,NA
"0824GOLD_17",2024-08-14,"GOLD",17,"06-24-2026",1,0,FALSE,NA,NA,NA,"KJL",NA,NA,NA,NA,NA,NA,NA,NA,FALSE,NA,NA,NA,NA,NA,NA,NA,NA,NA,NA,NA,NA,NA,NA
"0824GOLD_18",2024-08-14,"GOLD",18,"06-24-2026",0,1,FALSE,NA,NA,NA,"MLK",NA,NA,NA,NA,NA,NA,NA,NA,FALSE,NA,NA,NA,NA,NA,NA,NA,NA,NA,NA,NA,NA,NA,NA
"0824GOLD_19",2024-08-14,"GOLD",19,"06-24-2026",1,0,FALSE,NA,NA,NA,"SND",NA,NA,NA,NA,NA,NA,NA,NA,FALSE,NA,NA,NA,NA,NA,NA,NA,NA,NA,NA,NA,NA,NA,NA
"0824GOLD_20",2024-08-14,"GOLD",20,"06-24-2026",3,1,FALSE,NA,NA,NA,"SND",NA,NA,NA,NA,NA,NA,NA,NA,FALSE,NA,NA,NA,NA,NA,NA,NA,NA,NA,NA,NA,NA,NA,NA
"0824GOLD_21",2024-08-14,"GOLD",21,"06-24-2026",0.5,0,FALSE,NA,NA,NA,"LMB",NA,NA,NA,NA,NA,NA,NA,NA,FALSE,NA,NA,NA,NA,NA,NA,NA,NA,NA,NA,NA,NA,NA,NA
"0824GOLD_22",2024-08-14,"GOLD",22,"06-24-2026",0,0,FALSE,NA,NA,NA,"MLK",NA,NA,NA,NA,NA,NA,NA,NA,FALSE,"poorly cut",NA,NA,NA,NA,NA,NA,NA,NA,NA,NA,NA,NA,NA
"0824GOLD_23",2024-08-14,"GOLD",23,"06-24-2026",0,0,FALSE,NA,NA,NA,"LMB",NA,NA,NA,NA,NA,NA,NA,NA,FALSE,NA,NA,NA,NA,NA,NA,NA,NA,NA,NA,NA,NA,NA,NA
"0824GOLD_24",2024-08-14,"GOLD",24,"06-24-2026",0,1,FALSE,NA,NA,NA,"MLK",NA,NA,NA,NA,NA,NA,NA,NA,FALSE,NA,NA,NA,NA,NA,NA,NA,NA,NA,NA,NA,NA,NA,NA
"0824GOLD_25",2024-08-14,"GOLD",25,"06-24-2026",0.5,1,FALSE,NA,NA,NA,"KJL",NA,NA,NA,NA,NA,NA,NA,NA,FALSE,NA,NA,NA,NA,NA,NA,NA,NA,NA,NA,NA,NA,NA,NA
"0824GOLD_26",2024-08-14,"GOLD",26,"06-24-2026",0,0,FALSE,NA,NA,NA,"SND",NA,NA,NA,NA,NA,NA,NA,NA,FALSE,NA,NA,NA,NA,NA,NA,NA,NA,NA,NA,NA,NA,NA,NA
"0824GOLD_27",2024-08-14,"GOLD",27,"06-24-2026",0.5,0,FALSE,NA,NA,NA,"LMB",NA,NA,NA,NA,NA,NA,NA,NA,FALSE,NA,NA,NA,NA,NA,NA,NA,NA,NA,NA,NA,NA,NA,NA
"0824GOLD_28",2024-08-14,"GOLD",28,"06-24-2026",1,2,FALSE,NA,NA,NA,"KJL",NA,NA,NA,NA,NA,NA,NA,NA,FALSE,NA,NA,NA,NA,NA,NA,NA,NA,NA,NA,NA,NA,NA,NA
"0824GOLD_29",2024-08-14,"GOLD",29,"06-24-2026",1,2,FALSE,NA,NA,NA,"SND",NA,NA,NA,NA,NA,NA,NA,NA,FALSE,NA,NA,NA,NA,NA,NA,NA,NA,NA,NA,NA,NA,NA,NA
"0824GOLD_30",2024-08-14,"GOLD",30,"06-24-2026",0.5,2,FALSE,NA,NA,NA,"LMB",NA,NA,NA,NA,NA,NA,NA,NA,FALSE,NA,NA,NA,NA,NA,NA,NA,NA,NA,NA,NA,NA,NA,NA
"0825GOLD_01",2025-08-18,"GOLD",1,"04-13-2026",3,1,TRUE,NA,NA,NA,"SND",NA,NA,NA,NA,NA,NA,NA,NA,FALSE,NA,NA,NA,NA,NA,NA,NA,NA,NA,NA,NA,NA,NA,NA
"0825GOLD_02",2025-08-18,"GOLD",2,"04-13-2026",0,0,FALSE,NA,NA,NA,"LMB",NA,NA,NA,NA,NA,NA,NA,NA,TRUE,"spheno",NA,NA,NA,NA,NA,NA,NA,NA,NA,NA,NA,NA,NA
"0825GOLD_03",2025-08-18,"GOLD",3,"04-13-2026",3,0,FALSE,NA,NA,NA,"MLK",NA,NA,NA,NA,NA,NA,NA,NA,FALSE,"gut epithelium cut up",NA,NA,NA,NA,NA,NA,NA,NA,NA,NA,NA,NA,NA
"0825GOLD_04",2025-08-18,"GOLD",4,"04-13-2026",0,0,FALSE,NA,NA,NA,"LMB",NA,NA,NA,NA,NA,NA,NA,NA,FALSE,NA,NA,NA,NA,NA,NA,NA,NA,NA,NA,NA,NA,NA,NA
"0825GOLD_05",2025-08-18,"GOLD",5,"04-13-2026",0,0,FALSE,NA,NA,NA,"MLK",NA,NA,NA,NA,NA,NA,NA,NA,FALSE,NA,NA,NA,NA,NA,NA,NA,NA,NA,NA,NA,NA,NA,NA
"0825GOLD_06",2025-08-18,"GOLD",6,"04-13-2026",0.5,0,FALSE,NA,NA,NA,"KJL",NA,NA,NA,NA,NA,NA,NA,NA,FALSE,NA,NA,NA,NA,NA,NA,NA,NA,NA,NA,NA,NA,NA,NA
"0825GOLD_07",2025-08-18,"GOLD",7,"04-13-2026",0,0,TRUE,NA,NA,NA,"SND",NA,NA,NA,NA,NA,NA,NA,NA,FALSE,NA,NA,NA,NA,NA,NA,NA,NA,NA,NA,NA,NA,NA,NA
"0825GOLD_08",2025-08-18,"GOLD",8,"04-13-2026",0,0,FALSE,NA,NA,NA,"LMB",NA,NA,NA,NA,NA,NA,NA,NA,FALSE,"only a tiny patch of gill",NA,NA,NA,NA,NA,NA,NA,NA,NA,NA,NA,NA,NA
"0825GOLD_09",2025-08-18,"GOLD",9,"04-13-2026",0.5,0,FALSE,NA,NA,NA,"LMB",NA,NA,NA,NA,NA,NA,NA,NA,FALSE,"VGH",NA,NA,NA,NA,NA,NA,NA,NA,NA,NA,NA,NA,NA
"0825GOLD_10",2025-08-18,"GOLD",10,"04-13-2026",0,0,TRUE,NA,NA,NA,"KJL",NA,NA,NA,NA,NA,NA,NA,NA,FALSE,"prokaryotic inclusion",NA,NA,NA,NA,NA,NA,NA,NA,NA,NA,NA,NA,NA
"0825GOLD_11",2025-08-18,"GOLD",11,"07-28-2026",0,1,FALSE,NA,NA,NA,"MLK",NA,NA,NA,NA,NA,NA,NA,NA,FALSE,NA,NA,NA,NA,NA,NA,NA,NA,NA,NA,NA,NA,NA,NA
"0825GOLD_12",2025-08-18,"GOLD",12,"07-28-2026",3,2,FALSE,NA,NA,NA,"KJL",NA,NA,NA,NA,NA,NA,NA,NA,FALSE,NA,NA,NA,NA,NA,NA,NA,NA,NA,NA,NA,NA,NA,NA
"0825GOLD_13",2025-08-18,"GOLD",13,"07-28-2026",2,0,FALSE,NA,NA,NA,"KJL",NA,NA,NA,NA,NA,NA,NA,NA,FALSE,"Tissue mounting casues unfocused areas",NA,NA,NA,NA,NA,NA,NA,NA,NA,NA,NA,NA,NA
"0825GOLD_14",2025-08-18,"GOLD",14,"07-28-2026",4,1,TRUE,NA,NA,NA,"SND",NA,NA,NA,NA,NA,NA,NA,NA,TRUE,NA,NA,NA,NA,NA,NA,NA,NA,NA,NA,NA,NA,NA,NA
"0825GOLD_15",2025-08-18,"GOLD",15,"07-28-2026",0.5,0,FALSE,NA,NA,NA,"MLK",NA,NA,NA,NA,NA,NA,NA,NA,FALSE,NA,NA,NA,NA,NA,NA,NA,NA,NA,NA,NA,NA,NA,NA
"0825GOLD_16",2025-08-18,"GOLD",16,"07-28-2026",1,0,FALSE,NA,NA,NA,"SND",NA,NA,NA,NA,NA,NA,NA,NA,FALSE,NA,NA,NA,NA,NA,NA,NA,NA,NA,NA,NA,NA,NA,NA
"0825GOLD_17",2025-08-18,"GOLD",17,"07-28-2026",4,0,FALSE,NA,NA,NA,"SND",NA,NA,NA,NA,NA,NA,NA,NA,FALSE,"prokaryotic inclusion",NA,NA,NA,NA,NA,NA,NA,NA,NA,NA,NA,NA,NA
"0825GOLD_18",2025-08-18,"GOLD",18,"07-28-2026",0,0,FALSE,NA,NA,NA,"KJL",NA,NA,NA,NA,NA,NA,NA,NA,FALSE,NA,NA,NA,NA,NA,NA,NA,NA,NA,NA,NA,NA,NA,NA
"0825GOLD_19",2025-08-18,"GOLD",19,"08-12-2026",4,0,FALSE,NA,NA,NA,"SND",NA,NA,NA,NA,NA,NA,NA,NA,TRUE,"spheno",NA,NA,NA,NA,NA,NA,NA,NA,NA,NA,NA,NA,NA
"0825GOLD_20",2025-08-18,"GOLD",20,"08-12-2026",0,3,FALSE,NA,NA,NA,"MLK",NA,NA,NA,NA,NA,NA,NA,NA,FALSE,NA,NA,NA,NA,NA,NA,NA,NA,NA,NA,NA,NA,NA,NA
"0825GOLD_21",2025-08-18,"GOLD",21,"08-12-2026",0,0,FALSE,NA,NA,NA,"KJL",NA,NA,NA,NA,NA,NA,NA,NA,FALSE,NA,NA,NA,NA,NA,NA,NA,NA,NA,NA,NA,NA,NA,NA
"0825GOLD_22",2025-08-18,"GOLD",22,"08-12-2026",0,2,FALSE,NA,NA,NA,"LMB",NA,NA,NA,NA,NA,NA,NA,NA,FALSE,NA,NA,NA,NA,NA,NA,NA,NA,NA,NA,NA,NA,NA,NA
"0825GOLD_23",2025-08-18,"GOLD",23,"08-12-2026",0,2,FALSE,NA,NA,NA,"LMB",NA,NA,NA,NA,NA,NA,NA,NA,FALSE,"no gills, msx in palps and gut epithelium",NA,NA,NA,NA,NA,NA,NA,NA,NA,NA,NA,NA,NA
"0825GOLD_24",2025-08-18,"GOLD",24,"08-12-2026",0,0,FALSE,NA,NA,NA,"LMB",NA,NA,NA,NA,NA,NA,NA,NA,FALSE,NA,NA,NA,NA,NA,NA,NA,NA,NA,NA,NA,NA,NA,NA
"0825GOLD_25",2025-08-18,"GOLD",25,"08-12-2026",0,0,FALSE,NA,NA,NA,"KJL",NA,NA,NA,NA,NA,NA,NA,NA,FALSE,NA,NA,NA,NA,NA,NA,NA,NA,NA,NA,NA,NA,NA,NA
"0825GOLD_26",2025-08-18,"GOLD",26,"08-12-2026",0,0,FALSE,NA,NA,NA,"LMB",NA,NA,NA,NA,NA,NA,NA,NA,FALSE,NA,NA,NA,NA,NA,NA,NA,NA,NA,NA,NA,NA,NA,NA
"0825GOLD_27",2025-08-18,"GOLD",27,"08-12-2026",0,2,FALSE,NA,NA,NA,"MLK",NA,NA,NA,NA,NA,NA,NA,NA,FALSE,NA,NA,NA,NA,NA,NA,NA,NA,NA,NA,NA,NA,NA,NA
"0825GOLD_28",2025-08-18,"GOLD",28,"08-12-2026",4,0,TRUE,NA,NA,NA,"SND",NA,NA,NA,NA,NA,NA,NA,NA,FALSE,NA,NA,NA,NA,NA,NA,NA,NA,NA,NA,NA,NA,NA,NA
"0825GOLD_29",2025-08-18,"GOLD",29,"08-12-2026",0.5,0,FALSE,NA,NA,NA,"LMB",NA,NA,NA,NA,NA,NA,NA,NA,FALSE,NA,NA,NA,NA,NA,NA,NA,NA,NA,NA,NA,NA,NA,NA
"0825GOLD_30",2025-08-18,"GOLD",30,"08-12-2026",0,0,FALSE,NA,NA,NA,"MLK",NA,NA,NA,NA,NA,NA,NA,NA,FALSE,NA,NA,NA,NA,NA,NA,NA,NA,NA,NA,NA,NA,NA,NA
"0924ASHC_01",2024-09-23,"ASHC",1,"05-19-2026",2,0,TRUE,NA,NA,NA,"MLK",NA,NA,NA,NA,NA,NA,NA,NA,FALSE,NA,NA,NA,NA,NA,NA,NA,NA,NA,NA,NA,NA,NA,NA
"0924ASHC_02",2024-09-23,"ASHC",2,"05-19-2026",0,0,TRUE,NA,NA,NA,"SND",NA,NA,NA,NA,NA,NA,NA,NA,TRUE,"spheno",NA,NA,NA,NA,NA,NA,NA,NA,NA,NA,NA,NA,NA
"0924ASHC_03",2024-09-23,"ASHC",3,"05-19-2026",1,0,TRUE,NA,NA,NA,"KJL",NA,NA,NA,NA,NA,NA,NA,NA,FALSE,NA,NA,NA,NA,NA,NA,NA,NA,NA,NA,NA,NA,NA,NA
"0924ASHC_04",2024-09-23,"ASHC",4,"05-19-2026",0,0,TRUE,NA,NA,NA,"MLK",NA,NA,NA,NA,NA,NA,NA,NA,FALSE,NA,NA,NA,NA,NA,NA,NA,NA,NA,NA,NA,NA,NA,NA
"0924ASHC_05",2024-09-23,"ASHC",5,"05-19-2026",0.5,0,FALSE,NA,NA,NA,"SND",NA,NA,NA,NA,NA,NA,NA,NA,FALSE,NA,NA,NA,NA,NA,NA,NA,NA,NA,NA,NA,NA,NA,NA
"0924ASHC_06",2024-09-23,"ASHC",6,"05-19-2026",0.5,0,FALSE,NA,NA,NA,"MLK",NA,NA,NA,NA,NA,NA,NA,NA,FALSE,NA,NA,NA,NA,NA,NA,NA,NA,NA,NA,NA,NA,NA,NA
"0924ASHC_07",2024-09-23,"ASHC",7,"05-19-2026",0.5,0,TRUE,NA,NA,NA,"KJL",NA,NA,NA,NA,NA,NA,NA,NA,FALSE,"prokaryotic inclusion",NA,NA,NA,NA,NA,NA,NA,NA,NA,NA,NA,NA,NA
"0924ASHC_08",2024-09-23,"ASHC",8,"05-19-2026",5,0,TRUE,NA,NA,NA,"SND",NA,NA,NA,NA,NA,NA,NA,NA,FALSE,NA,NA,NA,NA,NA,NA,NA,NA,NA,NA,NA,NA,NA,NA
"0924ASHC_09",2024-09-23,"ASHC",9,"07-22-2026",0,0,TRUE,NA,NA,NA,"KJL",NA,NA,NA,NA,NA,NA,NA,NA,FALSE,NA,NA,NA,NA,NA,NA,NA,NA,NA,NA,NA,NA,NA,NA
"0924ASHC_10",2024-09-23,"ASHC",10,"07-22-2026",0.5,0,TRUE,NA,NA,NA,"MLK",NA,NA,NA,NA,NA,NA,NA,NA,FALSE,"no gill tissue",NA,NA,NA,NA,NA,NA,NA,NA,NA,NA,NA,NA,NA
"0924ASHC_11",2024-09-23,"ASHC",11,"07-22-2026",3,0,TRUE,NA,NA,NA,"SND",NA,NA,NA,NA,NA,NA,NA,NA,TRUE,"spheno",NA,NA,NA,NA,NA,NA,NA,NA,NA,NA,NA,NA,NA
"0924ASHC_12",2024-09-23,"ASHC",12,"07-22-2026",3,0,TRUE,NA,NA,NA,"LMB",TRUE,"07-22-2026",3,0,TRUE,FALSE,NA,"SND",FALSE,NA,NA,NA,NA,NA,NA,NA,NA,NA,NA,NA,NA,NA,NA
"0924ASHC_13",2024-09-23,"ASHC",13,"07-22-2026",3,0,TRUE,NA,NA,NA,"LMB",NA,NA,NA,NA,NA,NA,NA,NA,TRUE,"spheno",NA,NA,NA,NA,NA,NA,NA,NA,NA,NA,NA,NA,NA
"0924ASHC_14",2024-09-23,"ASHC",14,"07-22-2026",3,0,FALSE,NA,NA,NA,"MLK",NA,NA,NA,NA,NA,NA,NA,NA,TRUE,"spheno",NA,NA,NA,NA,NA,NA,NA,NA,NA,NA,NA,NA,NA
"0924ASHC_15",2024-09-23,"ASHC",15,"07-22-2026",0.5,0,TRUE,NA,NA,NA,"KJL",NA,NA,NA,NA,NA,NA,NA,NA,TRUE,"spheno",NA,NA,NA,NA,NA,NA,NA,NA,NA,NA,NA,NA,NA
"0924ASHC_16",2024-09-23,"ASHC",16,"07-22-2026",0.5,0,TRUE,NA,NA,NA,"LMB",NA,NA,NA,NA,NA,NA,NA,NA,FALSE,NA,NA,NA,NA,NA,NA,NA,NA,NA,NA,NA,NA,NA,NA
"0924ASHC_17",2024-09-23,"ASHC",17,"07-22-2026",3,0,TRUE,NA,NA,NA,"SND",NA,NA,NA,NA,NA,NA,NA,NA,TRUE,"spheno",NA,NA,NA,NA,NA,NA,NA,NA,NA,NA,NA,NA,NA
"0924ASHC_18",2024-09-23,"ASHC",18,"07-22-2026",0.5,0,TRUE,NA,NA,NA,"MLK",NA,NA,NA,NA,NA,NA,NA,NA,FALSE,NA,NA,NA,NA,NA,NA,NA,NA,NA,NA,NA,NA,NA,NA
"0924ASHC_19",2024-09-23,"ASHC",19,"07-22-2026",3,0,TRUE,NA,NA,NA,"LMB",NA,NA,NA,NA,NA,NA,NA,NA,FALSE,NA,NA,NA,NA,NA,NA,NA,NA,NA,NA,NA,NA,NA,NA
"0924ASHC_20",2024-09-23,"ASHC",20,"07-22-2026",3,0,TRUE,NA,NA,NA,"KJL",NA,NA,NA,NA,NA,NA,NA,NA,FALSE,"potential eukaryotic organism in gut epithelium",NA,NA,NA,NA,NA,NA,NA,NA,NA,NA,NA,NA,NA
"0924ASHC_21",2024-09-23,"ASHC",21,"07-22-2026",0.5,0,FALSE,NA,NA,NA,"MLK",NA,NA,NA,NA,NA,NA,NA,NA,FALSE,NA,NA,NA,NA,NA,NA,NA,NA,NA,NA,NA,NA,NA,NA
"0924ASHC_22",2024-09-23,"ASHC",22,"07-22-2026",3,0,TRUE,NA,NA,NA,"LMB",NA,NA,NA,NA,NA,NA,NA,NA,FALSE,NA,NA,NA,NA,NA,NA,NA,NA,NA,NA,NA,NA,NA,NA
"0924ASHC_23",2024-09-23,"ASHC",23,"07-22-2026",2,0,TRUE,NA,NA,NA,"SND",NA,NA,NA,NA,NA,NA,NA,NA,FALSE,"spheno",NA,NA,NA,NA,NA,NA,NA,NA,NA,NA,NA,NA,NA
"0924ASHC_24",2024-09-23,"ASHC",24,"07-22-2026",0.5,0,FALSE,NA,NA,NA,"MLK",NA,NA,NA,NA,NA,NA,NA,NA,FALSE,NA,NA,NA,NA,NA,NA,NA,NA,NA,NA,NA,NA,NA,NA
"0924ASHC_25",2024-09-23,"ASHC",25,"07-22-2026",3,0,TRUE,NA,NA,NA,"KJL",NA,NA,NA,NA,NA,NA,NA,NA,FALSE,NA,NA,NA,NA,NA,NA,NA,NA,NA,NA,NA,NA,NA,NA
"0924ASHC_26",2024-09-23,"ASHC",26,"07-22-2026",0.5,0,TRUE,NA,NA,NA,"LMB",NA,NA,NA,NA,NA,NA,NA,NA,FALSE,NA,NA,NA,NA,NA,NA,NA,NA,NA,NA,NA,NA,NA,NA
"0924ASHC_27",2024-09-23,"ASHC",27,"07-22-2026",3,0,TRUE,NA,NA,NA,"SND",NA,NA,NA,NA,NA,NA,NA,NA,FALSE,NA,NA,NA,NA,NA,NA,NA,NA,NA,NA,NA,NA,NA,NA
"0924ASHC_28",2024-09-23,"ASHC",28,"07-22-2026",3,0,TRUE,NA,NA,NA,"LMB",NA,NA,NA,NA,NA,NA,NA,NA,FALSE,NA,NA,NA,NA,NA,NA,NA,NA,NA,NA,NA,NA,NA,NA
"0924ASHC_29",2024-09-23,"ASHC",29,"07-22-2026",3,0,TRUE,NA,NA,NA,"SND",NA,NA,NA,NA,NA,NA,NA,NA,TRUE,"speno,  prokaryotic inclusion",NA,NA,NA,NA,NA,NA,NA,NA,NA,NA,NA,NA,NA
"0924ASHC_30",2024-09-23,"ASHC",30,"07-22-2026",0.5,0,FALSE,NA,NA,NA,"MLK",NA,NA,NA,NA,NA,NA,NA,NA,FALSE,NA,NA,NA,NA,NA,NA,NA,NA,NA,NA,NA,NA,NA,NA
"0924FENC_01",2024-09-25,"FENC",1,"04-28-2026",0,0,TRUE,NA,NA,NA,"SND",NA,NA,NA,NA,NA,NA,NA,NA,TRUE,"unknown organism - Non viral and not a prokaryotic inclusion",NA,NA,NA,NA,NA,NA,NA,NA,NA,NA,NA,NA,NA
"0924FENC_02",2024-09-25,"FENC",2,"04-28-2026",3,0,TRUE,NA,NA,NA,"KJL",NA,NA,NA,NA,NA,NA,NA,NA,FALSE,NA,NA,NA,NA,NA,NA,NA,NA,NA,NA,NA,NA,NA,NA
"0924FENC_03",2024-09-25,"FENC",3,"04-28-2026",1,0,TRUE,NA,NA,NA,"LMB",NA,NA,NA,NA,NA,NA,NA,NA,FALSE,NA,NA,NA,NA,NA,NA,NA,NA,NA,NA,NA,NA,NA,NA
"0924FENC_04",2024-09-25,"FENC",4,"04-28-2026",1,0,TRUE,NA,NA,NA,"MLK",NA,NA,NA,NA,NA,NA,NA,NA,FALSE,NA,NA,NA,NA,NA,NA,NA,NA,NA,NA,NA,NA,NA,NA
"0924FENC_05",2024-09-25,"FENC",5,"04-28-2026",0.5,0,TRUE,NA,NA,NA,"LMB",NA,NA,NA,NA,NA,NA,NA,NA,FALSE,NA,NA,NA,NA,NA,NA,NA,NA,NA,NA,NA,NA,NA,NA
"0924FENC_06",2024-09-25,"FENC",6,"04-28-2026",0.5,0,TRUE,NA,NA,NA,"LMB",NA,NA,NA,NA,NA,NA,NA,NA,FALSE,NA,NA,NA,NA,NA,NA,NA,NA,NA,NA,NA,NA,NA,NA
"0924FENC_07",2024-09-25,"FENC",7,"04-28-2026",1,0,TRUE,NA,NA,NA,"LMB",NA,NA,NA,NA,NA,NA,NA,NA,TRUE,"spheno, stego",NA,NA,NA,NA,NA,NA,NA,NA,NA,NA,NA,NA,NA
"0924FENC_08",2024-09-25,"FENC",8,"04-28-2026",1,0,TRUE,NA,NA,NA,"LMB",NA,NA,NA,NA,NA,NA,NA,NA,FALSE,NA,NA,NA,NA,NA,NA,NA,NA,NA,NA,NA,NA,NA,NA
"0924FENC_09",2024-09-25,"FENC",9,"04-28-2026",3,0,TRUE,NA,NA,NA,"LMB",NA,NA,NA,NA,NA,NA,NA,NA,FALSE,"Turbellarian worm",NA,NA,NA,NA,NA,NA,NA,NA,NA,NA,NA,NA,NA
"0924FENC_10",2024-09-25,"FENC",10,"04-28-2026",0,1,TRUE,NA,NA,NA,"KJL",NA,NA,NA,NA,NA,NA,NA,NA,FALSE,NA,NA,NA,NA,NA,NA,NA,NA,NA,NA,NA,NA,NA,NA
"0924FENC_11",2024-09-25,"FENC",11,"04-28-2026",2,0,TRUE,NA,NA,NA,"MLK",NA,NA,NA,NA,NA,NA,NA,NA,FALSE,NA,NA,NA,NA,NA,NA,NA,NA,NA,NA,NA,NA,NA,NA
"0924FENC_12",2024-09-25,"FENC",12,"04-28-2026",2,0,TRUE,NA,NA,NA,"SND",NA,NA,NA,NA,NA,NA,NA,NA,FALSE,NA,NA,NA,NA,NA,NA,NA,NA,NA,NA,NA,NA,NA,NA
"0924FENC_13",2024-09-25,"FENC",13,"04-28-2026",0.5,0,TRUE,NA,NA,NA,"LMB",NA,NA,NA,NA,NA,NA,NA,NA,FALSE,NA,NA,NA,NA,NA,NA,NA,NA,NA,NA,NA,NA,NA,NA
"0924FENC_14",2024-09-25,"FENC",14,"04-28-2026",3,0,TRUE,NA,NA,NA,"KJL",NA,NA,NA,NA,NA,NA,NA,NA,FALSE,NA,NA,NA,NA,NA,NA,NA,NA,NA,NA,NA,NA,NA,NA
"0924FENC_15",2024-09-25,"FENC",15,"04-28-2026",0,0,TRUE,NA,NA,NA,"MLK",NA,NA,NA,NA,NA,NA,NA,NA,FALSE,NA,NA,NA,NA,NA,NA,NA,NA,NA,NA,NA,NA,NA,NA
"0924FENC_16",2024-09-25,"FENC",16,"04-28-2026",0,2,TRUE,NA,NA,NA,"LMB",NA,NA,NA,NA,NA,NA,NA,NA,TRUE,"stego, nematode worm",NA,NA,NA,NA,NA,NA,NA,NA,NA,NA,NA,NA,NA
"0924FENC_17",2024-09-25,"FENC",17,"04-28-2026",2,0,TRUE,NA,NA,NA,"KJL",NA,NA,NA,NA,NA,NA,NA,NA,FALSE,NA,NA,NA,NA,NA,NA,NA,NA,NA,NA,NA,NA,NA,NA
"0924FENC_18",2024-09-25,"FENC",18,"04-28-2026",3,0,TRUE,NA,NA,NA,"SND",NA,NA,NA,NA,NA,NA,NA,NA,FALSE,NA,NA,NA,NA,NA,NA,NA,NA,NA,NA,NA,NA,NA,NA
"0924FENC_19",2024-09-25,"FENC",19,"04-28-2026",0.5,0,TRUE,NA,NA,NA,"MLK",NA,NA,NA,NA,NA,NA,NA,NA,FALSE,NA,NA,NA,NA,NA,NA,NA,NA,NA,NA,NA,NA,NA,NA
"0924FENC_20",2024-09-25,"FENC",20,"04-28-2026",1,0,TRUE,NA,NA,NA,"LMB",NA,NA,NA,NA,NA,NA,NA,NA,FALSE,NA,NA,NA,NA,NA,NA,NA,NA,NA,NA,NA,NA,NA,NA
"0924FENC_21",2024-09-25,"FENC",21,"04-28-2026",3,0,TRUE,NA,NA,NA,"LMB",NA,NA,NA,NA,NA,NA,NA,NA,FALSE,NA,NA,NA,NA,NA,NA,NA,NA,NA,NA,NA,NA,NA,NA
"0924FENC_22",2024-09-25,"FENC",22,"04-28-2026",2,0,TRUE,NA,NA,NA,"SND",NA,NA,NA,NA,NA,NA,NA,NA,FALSE,NA,NA,NA,NA,NA,NA,NA,NA,NA,NA,NA,NA,NA,NA
"0924FENC_23",2024-09-25,"FENC",23,"04-28-2026",0,0,TRUE,NA,NA,NA,"KJL",NA,NA,NA,NA,NA,NA,NA,NA,FALSE,NA,NA,NA,NA,NA,NA,NA,NA,NA,NA,NA,NA,NA,NA
"0924FENC_24",2024-09-25,"FENC",24,"04-28-2026",0,0,TRUE,NA,NA,NA,"MLK",NA,NA,NA,NA,NA,NA,NA,NA,FALSE,"Part of the oyster is missing cross section including gut epithelium",NA,NA,NA,NA,NA,NA,NA,NA,NA,NA,NA,NA,NA
"0924FENC_25",2024-09-25,"FENC",25,"04-28-2029",0.5,0,TRUE,NA,NA,NA,"LMB",NA,NA,NA,NA,NA,NA,NA,NA,TRUE,"stego",NA,NA,NA,NA,NA,NA,NA,NA,NA,NA,NA,NA,NA
"0924FENC_26",2024-09-25,"FENC",26,"04-28-2029",2,0,TRUE,NA,NA,NA,"KJL",NA,NA,NA,NA,NA,NA,NA,NA,FALSE,NA,NA,NA,NA,NA,NA,NA,NA,NA,NA,NA,NA,NA,NA
"0924FENC_27",2024-09-25,"FENC",27,"04-28-2029",1,0,TRUE,NA,NA,NA,"MLK",NA,NA,NA,NA,NA,NA,NA,NA,FALSE,NA,NA,NA,NA,NA,NA,NA,NA,NA,NA,NA,NA,NA,NA
"0924FENC_28",2024-09-25,"FENC",28,"04-28-2026",3,0,TRUE,NA,NA,NA,"SND",NA,NA,NA,NA,NA,NA,NA,NA,TRUE,"spheno",NA,NA,NA,NA,NA,NA,NA,NA,NA,NA,NA,NA,NA
"0924FENC_29",2024-09-25,"FENC",29,"04-28-2029",3,0,TRUE,NA,NA,NA,"LMB",NA,NA,NA,NA,NA,NA,NA,NA,FALSE,"turbellarian worm",NA,NA,NA,NA,NA,NA,NA,NA,NA,NA,NA,NA,NA
"0924FENC_30",2024-09-25,"FENC",30,"04-28-2029",0,0,TRUE,NA,NA,NA,"MLK",NA,NA,NA,NA,NA,NA,NA,NA,FALSE,NA,NA,NA,NA,NA,NA,NA,NA,NA,NA,NA,NA,NA,NA
"0925ASHC_01",2025-09-11,"ASHC",1,"04-01-2026",2,0,TRUE,NA,NA,NA,"KJL",NA,NA,NA,NA,NA,NA,NA,NA,TRUE,"Spheno",NA,NA,NA,NA,NA,NA,NA,NA,NA,NA,NA,NA,NA
"0925ASHC_02",2025-09-11,"ASHC",2,"04-01-2026",0.5,0,TRUE,NA,NA,NA,"MLK",NA,NA,NA,NA,NA,NA,NA,NA,FALSE,NA,NA,NA,NA,NA,NA,NA,NA,NA,NA,NA,NA,NA,NA
"0925ASHC_03",2025-09-11,"ASHC",3,"04-01-2026",3,0,TRUE,NA,NA,NA,"LMB",NA,NA,NA,NA,NA,NA,NA,NA,FALSE,NA,NA,NA,NA,NA,NA,NA,NA,NA,NA,NA,NA,NA,NA
"0925ASHC_04",2025-09-11,"ASHC",4,"04-01-2026",0.5,1,TRUE,NA,NA,NA,"LMB",NA,NA,NA,NA,NA,NA,NA,NA,TRUE,"stego and spheno",NA,NA,NA,NA,NA,NA,NA,NA,NA,NA,NA,NA,NA
"0925ASHC_05",2025-09-11,"ASHC",5,"04-01-2026",0.5,0,TRUE,NA,NA,NA,"SND",NA,NA,NA,NA,NA,NA,NA,NA,TRUE,"spheno",NA,NA,NA,NA,NA,NA,NA,NA,NA,NA,NA,NA,NA
"0925ASHC_06",2025-09-11,"ASHC",6,"04-01-2026",0,0,TRUE,NA,NA,NA,"KJL",NA,NA,NA,NA,NA,NA,NA,NA,TRUE,"Spheno",NA,NA,NA,NA,NA,NA,NA,NA,NA,NA,NA,NA,NA
"0925ASHC_07",2025-09-11,"ASHC",7,"04-01-2026",0,0,TRUE,NA,NA,NA,"MLK",NA,NA,NA,NA,NA,NA,NA,NA,FALSE,NA,NA,NA,NA,NA,NA,NA,NA,NA,NA,NA,NA,NA,NA
"0925ASHC_08",2025-09-11,"ASHC",8,"04-01-2026",1,0,TRUE,NA,NA,NA,"LMB",NA,NA,NA,NA,NA,NA,NA,NA,FALSE,NA,NA,NA,NA,NA,NA,NA,NA,NA,NA,NA,NA,NA,NA
"0925ASHC_09",2025-09-11,"ASHC",9,"04-01-2026",0,0,TRUE,NA,NA,NA,"KJL",NA,NA,NA,NA,NA,NA,NA,NA,TRUE,"spheno",NA,NA,NA,NA,NA,NA,NA,NA,NA,NA,NA,NA,NA
"0925ASHC_10",2025-09-11,"ASHC",10,"04-01-2026",3,0,TRUE,NA,NA,NA,"MLK",NA,NA,NA,NA,NA,NA,NA,NA,FALSE,NA,NA,NA,NA,NA,NA,NA,NA,NA,NA,NA,NA,NA,NA
"0925ASHC_11",2025-09-11,"ASHC",11,"04-01-2026",3,0,TRUE,NA,NA,NA,"SND",NA,NA,NA,NA,NA,NA,NA,NA,TRUE,"spheno",NA,NA,NA,NA,NA,NA,NA,NA,NA,NA,NA,NA,NA
"0925ASHC_12",2025-09-11,"ASHC",12,"04-01-2026",3,0,TRUE,NA,NA,NA,"LMB",NA,NA,NA,NA,NA,NA,NA,NA,FALSE,NA,NA,NA,NA,NA,NA,NA,NA,NA,NA,NA,NA,NA,NA
"0925ASHC_13",2025-09-11,"ASHC",13,"04-01-2026",3,0,TRUE,NA,NA,NA,"LMB",NA,NA,NA,NA,NA,NA,NA,NA,FALSE,NA,NA,NA,NA,NA,NA,NA,NA,NA,NA,NA,NA,NA,NA
"0925ASHC_14",2025-09-11,"ASHC",14,"04-13-2026",3,0,TRUE,NA,NA,NA,"SND",NA,NA,NA,NA,NA,NA,NA,NA,FALSE,NA,NA,NA,NA,NA,NA,NA,NA,NA,NA,NA,NA,NA,NA
"0925ASHC_15",2025-09-11,"ASHC",15,"04-13-2026",0.5,0,TRUE,NA,NA,NA,"LMB",NA,NA,NA,NA,NA,NA,NA,NA,FALSE,"Bucephalus",NA,NA,NA,NA,NA,NA,NA,NA,NA,NA,NA,NA,NA
"0925ASHC_16",2025-09-11,"ASHC",16,"04-13-2026",0.5,0,TRUE,NA,NA,NA,"MLK",NA,NA,NA,NA,NA,NA,NA,NA,FALSE,NA,NA,NA,NA,NA,NA,NA,NA,NA,NA,NA,NA,NA,NA
"0925ASHC_17",2025-09-11,"ASHC",17,"04-13-2026",0,0,TRUE,NA,NA,NA,"KJL",NA,NA,NA,NA,NA,NA,NA,NA,TRUE,"spheno",NA,NA,NA,NA,NA,NA,NA,NA,NA,NA,NA,NA,NA
"0925ASHC_18",2025-09-11,"ASHC",18,"04-13-2026",0,0,TRUE,NA,NA,NA,"LMB",NA,NA,NA,NA,NA,NA,NA,NA,TRUE,"spheno",NA,NA,NA,NA,NA,NA,NA,NA,NA,NA,NA,NA,NA
"0925ASHC_19",2025-09-11,"ASHC",19,"04-13-2026",0.5,0,TRUE,NA,NA,NA,"MLK",NA,NA,NA,NA,NA,NA,NA,NA,FALSE,"part of the gut epithelium is missing",NA,NA,NA,NA,NA,NA,NA,NA,NA,NA,NA,NA,NA
"0925ASHC_20",2025-09-11,"ASHC",20,"04-13-2026",3,0,TRUE,NA,NA,NA,"LMB",NA,NA,NA,NA,NA,NA,NA,NA,FALSE,"sections of hemocytosis in connective tissue",NA,NA,NA,NA,NA,NA,NA,NA,NA,NA,NA,NA,NA
"0925ASHC_21",2025-09-11,"ASHC",21,"04-13-2026",0,0,TRUE,NA,NA,NA,"KJL",NA,NA,NA,NA,NA,NA,NA,NA,FALSE,NA,NA,NA,NA,NA,NA,NA,NA,NA,NA,NA,NA,NA,NA
"0925ASHC_22",2025-09-11,"ASHC",22,"04-13-2026",3,0,TRUE,NA,NA,NA,"SND",NA,NA,NA,NA,NA,NA,NA,NA,FALSE,"heavy hemocytosis action",NA,NA,NA,NA,NA,NA,NA,NA,NA,NA,NA,NA,NA
"0925ASHC_23",2025-09-11,"ASHC",23,"04-13-2026",2,0,TRUE,NA,NA,NA,"MLK",NA,NA,NA,NA,NA,NA,NA,NA,FALSE,NA,NA,NA,NA,NA,NA,NA,NA,NA,NA,NA,NA,NA,NA
"0925ASHC_24",2025-09-11,"ASHC",24,"04-13-2026",0.5,0,TRUE,NA,NA,NA,"KJL",NA,NA,NA,NA,NA,NA,NA,NA,FALSE,NA,NA,NA,NA,NA,NA,NA,NA,NA,NA,NA,NA,NA,NA
"0925ASHC_25",2025-09-11,"ASHC",25,"04-13-2026",3,0,TRUE,NA,NA,NA,"LMB",NA,NA,NA,NA,NA,NA,NA,NA,TRUE,"spheno",NA,NA,NA,NA,NA,NA,NA,NA,NA,NA,NA,NA,NA
"0925ASHC_26",2025-09-11,"ASHC",26,"04-13-2026",3,0,TRUE,NA,NA,NA,"LMB",NA,NA,NA,NA,NA,NA,NA,NA,TRUE,"spheno",NA,NA,NA,NA,NA,NA,NA,NA,NA,NA,NA,NA,NA
"0925ASHC_27",2025-09-11,"ASHC",27,"04-13-2026",3,0,TRUE,NA,NA,NA,"KJL",NA,NA,NA,NA,NA,NA,NA,NA,FALSE,NA,NA,NA,NA,NA,NA,NA,NA,NA,NA,NA,NA,NA,NA
"0925ASHC_28",2025-09-11,"ASHC",28,"04-13-2026",2,0,TRUE,NA,NA,NA,"SND",NA,NA,NA,NA,NA,NA,NA,NA,FALSE,NA,NA,NA,NA,NA,NA,NA,NA,NA,NA,NA,NA,NA,NA
"0925ASHC_29",2025-09-11,"ASHC",29,"04-13-2026",0.5,0,TRUE,NA,NA,NA,"LMB",NA,NA,NA,NA,NA,NA,NA,NA,FALSE,NA,NA,NA,NA,NA,NA,NA,NA,NA,NA,NA,NA,NA,NA
"0925ASHC_30",2025-09-11,"ASHC",30,"04-13-2026",3,0,TRUE,NA,NA,NA,"KJL",NA,NA,NA,NA,NA,NA,NA,NA,FALSE,NA,NA,NA,NA,NA,NA,NA,NA,NA,NA,NA,NA,NA,NA
"0925FENC_01",2025-09-16,"FENC",1,"03-16-2026",3,0,TRUE,NA,NA,NA,"KJL",NA,NA,NA,NA,NA,NA,NA,NA,FALSE,"elevated ceroid",NA,NA,NA,NA,NA,NA,NA,NA,NA,NA,NA,NA,NA
"0925FENC_02",2025-09-16,"FENC",2,"03-16-2026",0,0,FALSE,NA,NA,NA,"MLK",NA,NA,NA,NA,NA,NA,NA,NA,TRUE,"spheno",NA,NA,NA,NA,NA,NA,NA,NA,NA,NA,NA,NA,NA
"0925FENC_03",2025-09-16,"FENC",3,"03-16-2026",2,0,TRUE,NA,NA,NA,"LMB",NA,NA,NA,NA,NA,NA,NA,NA,TRUE,"spheno",NA,NA,NA,NA,NA,NA,NA,NA,NA,NA,NA,NA,NA
"0925FENC_04",2025-09-16,"FENC",4,"03-16-2026",1,2,TRUE,NA,NA,NA,"SND",NA,NA,NA,NA,NA,NA,NA,NA,FALSE,NA,NA,NA,NA,NA,NA,NA,NA,NA,NA,NA,NA,NA,NA
"0925FENC_05",2025-09-16,"FENC",5,"03-16-2026",0.5,0,TRUE,NA,NA,NA,"LMB",NA,NA,NA,NA,NA,NA,NA,NA,TRUE,"spheno",NA,NA,NA,NA,NA,NA,NA,NA,NA,NA,NA,NA,NA
"0925FENC_06",2025-09-16,"FENC",6,"03-16-2026",0,0,TRUE,NA,NA,NA,"LMB",NA,NA,NA,NA,NA,NA,NA,NA,TRUE,"spheno",NA,NA,NA,NA,NA,NA,NA,NA,NA,NA,NA,NA,NA
"0925FENC_07",2025-09-16,"FENC",7,"03-16-2026",3,0,FALSE,NA,NA,NA,"KJL",NA,NA,NA,NA,NA,NA,NA,NA,FALSE,NA,NA,NA,NA,NA,NA,NA,NA,NA,NA,NA,NA,NA,NA
"0925FENC_08",2025-09-16,"FENC",8,"03-16-2026",0.5,0,TRUE,NA,NA,NA,"MLK",NA,NA,NA,NA,NA,NA,NA,NA,FALSE,NA,NA,NA,NA,NA,NA,NA,NA,NA,NA,NA,NA,NA,NA
"0925FENC_09",2025-09-16,"FENC",9,"03-16-2026",0.5,0,TRUE,NA,NA,NA,"SND",NA,NA,NA,NA,NA,NA,NA,NA,TRUE,"spheno",NA,NA,NA,NA,NA,NA,NA,NA,NA,NA,NA,NA,NA
"0925FENC_10",2025-09-16,"FENC",10,"03-16-2026",4,1,FALSE,NA,NA,NA,"LMB",NA,NA,NA,NA,NA,NA,NA,NA,FALSE,NA,NA,NA,NA,NA,NA,NA,NA,NA,NA,NA,NA,NA,NA
"0925FENC_11",2025-09-16,"FENC",11,"03-16-2026",3,2,TRUE,NA,NA,NA,"KJL",NA,NA,NA,NA,NA,NA,NA,NA,TRUE,"spheno",NA,NA,NA,NA,NA,NA,NA,NA,NA,NA,NA,NA,NA
"0925FENC_12",2025-09-16,"FENC",12,"03-16-2026",0.5,0,FALSE,NA,NA,NA,"MLK",NA,NA,NA,NA,NA,NA,NA,NA,FALSE,NA,NA,NA,NA,NA,NA,NA,NA,NA,NA,NA,NA,NA,NA
"0925FENC_13",2025-09-16,"FENC",13,"03-16-2026",0.5,0,TRUE,NA,NA,NA,"LMB",NA,NA,NA,NA,NA,NA,NA,NA,FALSE,"elevated ceroid",NA,NA,NA,NA,NA,NA,NA,NA,NA,NA,NA,NA,NA
"0925FENC_14",2025-09-16,"FENC",14,"03-16-2026",3,1,TRUE,NA,NA,NA,"KJL",NA,NA,NA,NA,NA,NA,NA,NA,TRUE,"spheno",NA,NA,NA,NA,NA,NA,NA,NA,NA,NA,NA,NA,NA
"0925FENC_15",2025-09-16,"FENC",15,"03-16-2026",0.5,0,FALSE,NA,NA,NA,"SND",NA,NA,NA,NA,NA,NA,NA,NA,FALSE,NA,NA,NA,NA,NA,NA,NA,NA,NA,NA,NA,NA,NA,NA
"0925FENC_16",2025-09-16,"FENC",16,"03-16-2026",0.5,0,TRUE,NA,NA,NA,"KJL",NA,NA,NA,NA,NA,NA,NA,NA,FALSE,NA,NA,NA,NA,NA,NA,NA,NA,NA,NA,NA,NA,NA,NA
"0925FENC_17",2025-09-16,"FENC",17,"03-16-2026",0.5,0,TRUE,NA,NA,NA,"KJL",NA,NA,NA,NA,NA,NA,NA,NA,TRUE,"spheno",NA,NA,NA,NA,NA,NA,NA,NA,NA,NA,NA,NA,NA
"0925FENC_18",2025-09-16,"FENC",18,"03-16-2026",0,0,TRUE,NA,NA,NA,"SND",NA,NA,NA,NA,NA,NA,NA,NA,FALSE,NA,NA,NA,NA,NA,NA,NA,NA,NA,NA,NA,NA,NA,NA
"0925FENC_19",2025-09-16,"FENC",19,"03-16-2026",2,0,TRUE,NA,NA,NA,"LMB",NA,NA,NA,NA,NA,NA,NA,NA,TRUE,"spheno, odd large purple cells in gills (3 ish)",NA,NA,NA,NA,NA,NA,NA,NA,NA,NA,NA,NA,NA
"0925FENC_20",2025-09-16,"FENC",20,"04-01-2026",1,0,TRUE,NA,NA,NA,"SND",NA,NA,NA,NA,NA,NA,NA,NA,FALSE,NA,NA,NA,NA,NA,NA,NA,NA,NA,NA,NA,NA,NA,NA
"0925FENC_21",2025-09-16,"FENC",21,"04-01-2026",0.5,1,TRUE,NA,NA,NA,"KJL",NA,NA,NA,NA,NA,NA,NA,NA,FALSE,NA,NA,NA,NA,NA,NA,NA,NA,NA,NA,NA,NA,NA,NA
"0925FENC_22",2025-09-16,"FENC",22,"04-01-2026",1,0,TRUE,NA,NA,NA,"MLK",NA,NA,NA,NA,NA,NA,NA,NA,FALSE,NA,NA,NA,NA,NA,NA,NA,NA,NA,NA,NA,NA,NA,NA
"0925FENC_23",2025-09-16,"FENC",23,"04-01-2026",3,0,TRUE,NA,NA,NA,"LMB",NA,NA,NA,NA,NA,NA,NA,NA,FALSE,NA,NA,NA,NA,NA,NA,NA,NA,NA,NA,NA,NA,NA,NA
"0925FENC_24",2025-09-16,"FENC",24,"04-01-2026",0.5,0,FALSE,NA,NA,NA,"LMB",NA,NA,NA,NA,NA,NA,NA,NA,FALSE,NA,NA,NA,NA,NA,NA,NA,NA,NA,NA,NA,NA,NA,NA
"0925FENC_25",2025-09-16,"FENC",25,"04-01-2026",1,0,TRUE,NA,NA,NA,"SND",NA,NA,NA,NA,NA,NA,NA,NA,TRUE,"spheno",NA,NA,NA,NA,NA,NA,NA,NA,NA,NA,NA,NA,NA
"0925FENC_26",2025-09-16,"FENC",26,"04-01-2026",1,0,TRUE,NA,NA,NA,"KJL",NA,NA,NA,NA,NA,NA,NA,NA,FALSE,NA,NA,NA,NA,NA,NA,NA,NA,NA,NA,NA,NA,NA,NA
"0925FENC_27",2025-09-16,"FENC",27,"04-01-2026",0,3,TRUE,NA,NA,NA,"MLK",NA,NA,NA,NA,NA,NA,NA,NA,FALSE,"heavy nemo cluster",NA,NA,NA,NA,NA,NA,NA,NA,NA,NA,NA,NA,NA
"0925FENC_28",2025-09-16,"FENC",28,"04-01-2026",3,0,TRUE,NA,NA,NA,"LMB",NA,NA,NA,NA,NA,NA,NA,NA,FALSE,NA,NA,NA,NA,NA,NA,NA,NA,NA,NA,NA,NA,NA,NA
"0925FENC_29",2025-09-16,"FENC",29,"04-01-2026",3,0,TRUE,NA,NA,NA,"SND",NA,NA,NA,NA,NA,NA,NA,NA,TRUE,"spheno.  small, red dots in digestive gland",NA,NA,NA,NA,NA,NA,NA,NA,NA,NA,NA,NA,NA
"0925FENC_30",2025-09-16,"FENC",30,"04-01-2026",1,2,FALSE,NA,NA,NA,"LMB",NA,NA,NA,NA,NA,NA,NA,NA,FALSE,NA,NA,NA,NA,NA,NA,NA,NA,NA,NA,NA,NA,NA,NA
"0925GOLD_01",2025-09-23,"GOLD",1,"02-11-2026",0.5,0,FALSE,NA,NA,NA,"MLK",NA,NA,NA,NA,NA,NA,NA,NA,FALSE,NA,NA,NA,NA,NA,NA,NA,NA,NA,NA,NA,NA,NA,NA
"0925GOLD_02",2025-09-23,"GOLD",2,"02-11-2026",1,0,TRUE,NA,NA,NA,"SND",NA,NA,NA,NA,NA,NA,NA,NA,FALSE,"msx 3 cells ?",NA,NA,NA,NA,NA,NA,NA,NA,NA,NA,NA,NA,NA
"0925GOLD_03",2025-09-23,"GOLD",3,"02-11-2026",0,0,FALSE,NA,NA,NA,"KJL",NA,NA,NA,NA,NA,NA,NA,NA,TRUE,"spheno",NA,NA,NA,NA,NA,NA,NA,NA,NA,NA,NA,NA,NA
"0925GOLD_04",2025-09-23,"GOLD",4,"02-11-2026",0.5,0,FALSE,NA,NA,NA,"KJL",NA,NA,NA,NA,NA,NA,NA,NA,FALSE,NA,NA,NA,NA,NA,NA,NA,NA,NA,NA,NA,NA,NA,NA
"0925GOLD_05",2025-09-23,"GOLD",5,"02-11-2026",1,1,FALSE,NA,NA,NA,"MLK",NA,NA,NA,NA,NA,NA,NA,NA,FALSE,"high hemocytosis",NA,NA,NA,NA,NA,NA,NA,NA,NA,NA,NA,NA,NA
"0925GOLD_06",2025-09-23,"GOLD",6,"02-11-2026",NA,0,TRUE,NA,NA,NA,"SND",NA,NA,NA,NA,NA,NA,NA,NA,TRUE,"spheno,prokaryotic inclusion (epithelial of Intestine )",NA,NA,NA,NA,NA,NA,NA,NA,NA,NA,NA,NA,NA
"0925GOLD_07",2025-09-23,"GOLD",7,"02-11-2026",3,1,FALSE,NA,NA,NA,"KJL",NA,NA,NA,NA,NA,NA,NA,NA,FALSE,"some perkinsus in the gills none in connective tissue- check",NA,NA,NA,NA,NA,NA,NA,NA,NA,NA,NA,NA,NA
"0925GOLD_08",2025-09-23,"GOLD",8,"03-09-2026",1,0,FALSE,NA,NA,NA,"KJL",NA,NA,NA,NA,NA,NA,NA,NA,FALSE,"prokaryotic inclusion",NA,NA,NA,NA,NA,NA,NA,NA,NA,NA,NA,NA,NA
"0925GOLD_09",2025-09-23,"GOLD",9,"03-09-2026",0,0,FALSE,NA,NA,NA,"MLK",NA,NA,NA,NA,NA,NA,NA,NA,FALSE,"no gills in sample",NA,NA,NA,NA,NA,NA,NA,NA,NA,NA,NA,NA,NA
"0925GOLD_10",2025-09-23,"GOLD",10,"02-11-2026",5,0,FALSE,NA,NA,NA,"MLK",NA,NA,NA,NA,NA,NA,NA,NA,FALSE,NA,NA,NA,NA,NA,NA,NA,NA,NA,NA,NA,NA,NA,NA
"0925GOLD_11",2025-09-23,"GOLD",11,"03-09-2026",3,0,FALSE,NA,NA,NA,"LMB",NA,NA,NA,NA,NA,NA,NA,NA,FALSE,NA,NA,NA,NA,NA,NA,NA,NA,NA,NA,NA,NA,NA,NA
"0925GOLD_12",2025-09-23,"GOLD",12,"03-09-2026",0,0,FALSE,NA,NA,NA,"SND",NA,NA,NA,NA,NA,NA,NA,NA,FALSE,NA,NA,NA,NA,NA,NA,NA,NA,NA,NA,NA,NA,NA,NA
"0925GOLD_13",2025-09-23,"GOLD",13,"03-09-2026",0.5,0,FALSE,NA,NA,NA,"LMB",NA,NA,NA,NA,NA,NA,NA,NA,FALSE,NA,NA,NA,NA,NA,NA,NA,NA,NA,NA,NA,NA,NA,NA
"0925GOLD_14",2025-09-23,"GOLD",14,"03-09-2026",0.5,0,FALSE,NA,NA,NA,"MLK",NA,NA,NA,NA,NA,NA,NA,NA,FALSE,"no gills in sample",NA,NA,NA,NA,NA,NA,NA,NA,NA,NA,NA,NA,NA
"0925GOLD_15",2025-09-23,"GOLD",15,"03-09-2026",0.5,2,FALSE,NA,NA,NA,"LMB",NA,NA,NA,NA,NA,NA,NA,NA,FALSE,NA,NA,NA,NA,NA,NA,NA,NA,NA,NA,NA,NA,NA,NA
"0925GOLD_16",2025-09-23,"GOLD",16,"03-09-2026",0,0,FALSE,NA,NA,NA,"KJL",NA,NA,NA,NA,NA,NA,NA,NA,FALSE,NA,NA,NA,NA,NA,NA,NA,NA,NA,NA,NA,NA,NA,NA
"0925GOLD_17",2025-09-23,"GOLD",17,"03-09-2026",0.5,0,FALSE,NA,NA,NA,"LMB",NA,NA,NA,NA,NA,NA,NA,NA,TRUE,"spheno",NA,NA,NA,NA,NA,NA,NA,NA,NA,NA,NA,NA,NA
"0925GOLD_18",2025-09-23,"GOLD",18,"03-09-2026",0,0,FALSE,NA,NA,NA,"MLK",NA,NA,NA,NA,NA,NA,NA,NA,FALSE,NA,NA,NA,NA,NA,NA,NA,NA,NA,NA,NA,NA,NA,NA
"0925GOLD_19",2025-09-23,"GOLD",19,"03-09-2026",0,0,FALSE,NA,NA,NA,"LMB",NA,NA,NA,NA,NA,NA,NA,NA,FALSE,NA,NA,NA,NA,NA,NA,NA,NA,NA,NA,NA,NA,NA,NA
"0925GOLD_20",2025-09-23,"GOLD",20,"03-09-2026",0,0,TRUE,NA,NA,NA,"SND",NA,NA,NA,NA,NA,NA,NA,NA,FALSE,NA,NA,NA,NA,NA,NA,NA,NA,NA,NA,NA,NA,NA,NA
"0925GOLD_21",2025-09-23,"GOLD",21,"03-09-2026",0,0,FALSE,NA,NA,NA,"LMB",NA,NA,NA,NA,NA,NA,NA,NA,FALSE,"no gills in sample, trematode infection (Bucephalus spp.)",NA,NA,NA,NA,NA,NA,NA,NA,NA,NA,NA,NA,NA
"0925GOLD_22",2025-09-23,"GOLD",22,"03-09-2026",0,0,FALSE,NA,NA,NA,"KJL",NA,NA,NA,NA,NA,NA,NA,NA,FALSE,NA,NA,NA,NA,NA,NA,NA,NA,NA,NA,NA,NA,NA,NA
"0925GOLD_23",2025-09-23,"GOLD",23,"03-09-2026",0,0,FALSE,NA,NA,NA,"MLK",NA,NA,NA,NA,NA,NA,NA,NA,TRUE,"spheno",NA,NA,NA,NA,NA,NA,NA,NA,NA,NA,NA,NA,NA
"0925GOLD_24",2025-09-23,"GOLD",24,"03-09-2026",0.5,1,FALSE,NA,NA,NA,"LMB",NA,NA,NA,NA,NA,NA,NA,NA,TRUE,"spheno",NA,NA,NA,NA,NA,NA,NA,NA,NA,NA,NA,NA,NA
"0925GOLD_25",2025-09-23,"GOLD",25,"03-09-2026",0.5,0,FALSE,NA,NA,NA,"SND",NA,NA,NA,NA,NA,NA,NA,NA,FALSE,NA,NA,NA,NA,NA,NA,NA,NA,NA,NA,NA,NA,NA,NA
"0925GOLD_26",2025-09-23,"GOLD",26,"03-09-2026",0,1,FALSE,NA,NA,NA,"KJL",NA,NA,NA,NA,NA,NA,NA,NA,TRUE,"Spheno",NA,NA,NA,NA,NA,NA,NA,NA,NA,NA,NA,NA,NA
"0925GOLD_27",2025-09-23,"GOLD",27,"03-09-2026",0.5,1,FALSE,NA,NA,NA,"LMB",NA,NA,NA,NA,NA,NA,NA,NA,FALSE,NA,NA,NA,NA,NA,NA,NA,NA,NA,NA,NA,NA,NA,NA
"0925GOLD_28",2025-09-23,"GOLD",28,"03-09-2026",0,0,FALSE,NA,NA,NA,"MLK",NA,NA,NA,NA,NA,NA,NA,NA,FALSE,NA,NA,NA,NA,NA,NA,NA,NA,NA,NA,NA,NA,NA,NA
"0925GOLD_29",2025-09-23,"GOLD",29,"03-09-2026",0,0,TRUE,NA,NA,NA,"SND",NA,NA,NA,NA,NA,NA,NA,NA,FALSE,NA,NA,NA,NA,NA,NA,NA,NA,NA,NA,NA,NA,NA,NA
"0925GOLD_30",2025-09-23,"GOLD",30,"03-09-2026",0,2,FALSE,NA,NA,NA,"KJL",NA,NA,NA,NA,NA,NA,NA,NA,FALSE,NA,NA,NA,NA,NA,NA,NA,NA,NA,NA,NA,NA,NA,NA
